Workbook

Sheet Kangatang_127

Sheet Kangatang_128

Sheet TLTL 112024
A1: Ngày | B1: Tên NPP | C1: QO (bao) | D1: NT (bao) | E1: BS (bao) | F1: Tổng bao | G1: Quốc Oai (T) | H1: Nguyễn Trãi (T) | I1: BS (T) | J1: Tổng Thùng | K1: Biển số xe | L1: Lái xe | M1: SĐT
A2: 45593 | B2: Trường Sơn, Thái Nguyên | C2: 300000 | F2: =E2+D2+C2 -> 300000 | G2: =ROUNDUP(C2/500,0) -> 600 | H2: =ROUNDUP(D2/500,0) -> 0 | I2: =ROUNDUP(E2/500,0) -> 0 | J2: =I2+H2+G2 -> 600 | K2: 29G-023.49 | L2: Lê Văn Giang | M2: 961571433
A3: 45593 | B3: Trường Sơn, Thái Nguyên | C3: 112500 | D3: 25000 | F3: =E3+D3+C3 -> 137500 | G3: =ROUNDUP(C3/500,0) -> 225 | H3: =ROUNDUP(D3/500,0) -> 50 | I3: =ROUNDUP(E3/500,0) -> 0 | J3: =I3+H3+G3 -> 275 | K3: 29K-067.11 | L3: Phạm Văn Hải | M3: 964343887
A4: 45595 | B4: Thủy Chính PT | C4: 11300 | D4: =140000+180000 -> 320000 | F4: =E4+D4+C4 -> 331300 | G4: =ROUNDUP(C4/500,0) -> 23 | H4: =ROUNDUP(D4/500,0) -> 640 | I4: =ROUNDUP(E4/500,0) -> 0 | J4: =I4+H4+G4 -> 663 | K4: 29G-023.25 | L4: Trần Xuân Trường | M4: 974392325
A5: 45595 | B5: Thái Dương VP | D5: 57500 | F5: =E5+D5+C5 -> 57500 | G5: =ROUNDUP(C5/500,0) -> 0 | H5: =ROUNDUP(D5/500,0) -> 115 | I5: =ROUNDUP(E5/500,0) -> 0 | J5: =I5+H5+G5 -> 115 | K5: 29G-023.49 | L5: Lê Văn Giang | M5: 961571433
A6: 45595 | B6: Hạnh Thục VP | C6: =106400+1000 -> 107400 | D6: 32000 | F6: =E6+D6+C6 -> 139400 | G6: =ROUNDUP(C6/500,0) -> 215 | H6: =ROUNDUP(D6/500,0) -> 64 | I6: =ROUNDUP(E6/500,0) -> 0 | J6: =I6+H6+G6 -> 279 | N6: Thương Mại
A7: 45595 | B7: Mai Linh VP | C7: =46600+2000 -> 48600 | F7: =E7+D7+C7 -> 48600 | G7: =ROUNDUP(C7/500,0) -> 98 | H7: =ROUNDUP(D7/500,0) -> 0 | I7: =ROUNDUP(E7/500,0) -> 0 | J7: =I7+H7+G7 -> 98 | N7: Thương Mại
A8: 45595 | B8: Minh Hải VP | C8: 91800 | D8: 15000 | F8: =E8+D8+C8 -> 106800 | G8: =ROUNDUP(C8/500,0) -> 184 | H8: =ROUNDUP(D8/500,0) -> 30 | I8: =ROUNDUP(E8/500,0) -> 0 | J8: =I8+H8+G8 -> 214
A9: 45595 | B9: Tuấn Tuyết YB | C9: 106600 | F9: =E9+D9+C9 -> 106600 | G9: =ROUNDUP(C9/500,0) -> 214 | H9: =ROUNDUP(D9/500,0) -> 0 | I9: =ROUNDUP(E9/500,0) -> 0 | J9: =I9+H9+G9 -> 214 | K9: 29K-067.11 | L9: Phạm Văn Hải | M9: 964343887
A10: 45595 | B10: Hương Giang YB | C10: 21800 | F10: =E10+D10+C10 -> 21800 | G10: =ROUNDUP(C10/500,0) -> 44 | H10: =ROUNDUP(D10/500,0) -> 0 | I10: =ROUNDUP(E10/500,0) -> 0 | J10: =I10+H10+G10 -> 44
A11: 45595 | B11: Nam Hoa PT | C11: 34300 | F11: =E11+D11+C11 -> 34300 | G11: =ROUNDUP(C11/500,0) -> 69 | H11: =ROUNDUP(D11/500,0) -> 0 | I11: =ROUNDUP(E11/500,0) -> 0 | J11: =I11+H11+G11 -> 69
A12: 45595 | B12: Thành Chung VT | C12: 51800 | F12: =E12+D12+C12 -> 51800 | G12: =ROUNDUP(C12/500,0) -> 104 | H12: =ROUNDUP(D12/500,0) -> 0 | I12: =ROUNDUP(E12/500,0) -> 0 | J12: =I12+H12+G12 -> 104 | K12: 29G-023.20 | L12: Mai Văn Long | M12: 971106882
A13: 45595 | B13: Vạn Liên PT | C13: 59000 | F13: =E13+D13+C13 -> 59000 | G13: =ROUNDUP(C13/500,0) -> 118 | H13: =ROUNDUP(D13/500,0) -> 0 | I13: =ROUNDUP(E13/500,0) -> 0 | J13: =I13+H13+G13 -> 118
A14: 45595 | B14: Nhật Nam Anh TQ | C14: 66300 | F14: =E14+D14+C14 -> 66300 | G14: =ROUNDUP(C14/500,0) -> 133 | H14: =ROUNDUP(D14/500,0) -> 0 | I14: =ROUNDUP(E14/500,0) -> 0 | J14: =I14+H14+G14 -> 133
A15: 45595 | B15: Hòa Thu TQ | C15: 22500 | F15: =E15+D15+C15 -> 22500 | G15: =ROUNDUP(C15/500,0) -> 45 | H15: =ROUNDUP(D15/500,0) -> 0 | I15: =ROUNDUP(E15/500,0) -> 0 | J15: =I15+H15+G15 -> 45
A16: 45595 | B16: Tùng Linh TQ | C16: 71500 | F16: =E16+D16+C16 -> 71500 | G16: =ROUNDUP(C16/500,0) -> 143 | H16: =ROUNDUP(D16/500,0) -> 0 | I16: =ROUNDUP(E16/500,0) -> 0 | J16: =I16+H16+G16 -> 143 | K16: 29G-023.19 | L16: Nguyễn Trọng Tấn | M16: 967884730
A17: 45595 | B17: An Lộc Phát LC | C17: 62400 | D17: 20000 | F17: =E17+D17+C17 -> 82400 | G17: =ROUNDUP(C17/500,0) -> 125 | H17: =ROUNDUP(D17/500,0) -> 40 | I17: =ROUNDUP(E17/500,0) -> 0 | J17: =I17+H17+G17 -> 165
A18: 45595 | B18: Ngọc Khang LC | C18: 52300 | F18: =E18+D18+C18 -> 52300 | G18: =ROUNDUP(C18/500,0) -> 105 | H18: =ROUNDUP(D18/500,0) -> 0 | I18: =ROUNDUP(E18/500,0) -> 0 | J18: =I18+H18+G18 -> 105
A19: 45595 | B19: Hải Yến, Hạ Long | C19: =8700+2000 -> 10700 | D19: 87900 | F19: =E19+D19+C19 -> 98600 | G19: =ROUNDUP(C19/500,0) -> 22 | H19: =ROUNDUP(D19/500,0) -> 176 | I19: =ROUNDUP(E19/500,0) -> 0 | J19: =I19+H19+G19 -> 198 | K19: 29G-023.11 | L19: Trần Văn Sơn | M19: 966120021 | N19: Thương Mại
A20: 45595 | B20: Hồng Đức, Uông Bí | C20: 82500 | F20: =E20+D20+C20 -> 82500 | G20: =ROUNDUP(C20/500,0) -> 165 | H20: =ROUNDUP(D20/500,0) -> 0 | I20: =ROUNDUP(E20/500,0) -> 0 | J20: =I20+H20+G20 -> 165
A21: 45596 | B21: Minh Hải VP | D21: 106200 | F21: =E21+D21+C21 -> 106200 | G21: =ROUNDUP(C21/500,0) -> 0 | H21: =ROUNDUP(D21/500,0) -> 213 | I21: =ROUNDUP(E21/500,0) -> 0 | J21: =I21+H21+G21 -> 213 | K21: 29G-023.20 | L21: Mai Văn Long | M21: 971106882
A22: 45596 | B22: Khánh Hòa, Hà Giang | C22: 47800 | F22: =E22+D22+C22 -> 47800 | G22: =ROUNDUP(C22/500,0) -> 96 | H22: =ROUNDUP(D22/500,0) -> 0 | I22: =ROUNDUP(E22/500,0) -> 0 | J22: =I22+H22+G22 -> 96
A23: 45596 | B23: Thủy Chính PT | C23: 1000 | F23: =E23+D23+C23 -> 1000 | G23: =ROUNDUP(C23/500,0) -> 2 | H23: =ROUNDUP(D23/500,0) -> 0 | I23: =ROUNDUP(E23/500,0) -> 0 | J23: =I23+H23+G23 -> 2 | N23: Thương Mại
A24: 45600 | B24: Kim ngân Hải Dương | C24: 29600 | F24: =E24+D24+C24 -> 29600 | G24: =ROUNDUP(C24/500,0) -> 60 | H24: =ROUNDUP(D24/500,0) -> 0 | I24: =ROUNDUP(E24/500,0) -> 0 | J24: =I24+H24+G24 -> 60 | K24: 29G-023.11 | L24: Mai Văn Long Nguyễn Ngọc Anh (bốc) | M24: 971106882
A25: 45600 | B25: Cường Trung HD | C25: 4600 | D25: 95000 | F25: =E25+D25+C25 -> 99600 | G25: =ROUNDUP(C25/500,0) -> 10 | H25: =ROUNDUP(D25/500,0) -> 190 | I25: =ROUNDUP(E25/500,0) -> 0 | J25: =I25+H25+G25 -> 200
A26: 45600 | B26: Hưng Thịnh HD | C26: 5800 | D26: 75000 | F26: =E26+D26+C26 -> 80800 | G26: =ROUNDUP(C26/500,0) -> 12 | H26: =ROUNDUP(D26/500,0) -> 150 | I26: =ROUNDUP(E26/500,0) -> 0 | J26: =I26+H26+G26 -> 162
A27: 45600 | B27: Hưng Thịnh HD | D27: 215000 | F27: =E27+D27+C27 -> 215000 | G27: =ROUNDUP(C27/500,0) -> 0 | H27: =ROUNDUP(D27/500,0) -> 430 | I27: =ROUNDUP(E27/500,0) -> 0 | J27: =I27+H27+G27 -> 430 | K27: 29B-189.64 | L27: Lê Công Vinh | M27: 949502669
A28: 45601 | B28: Thái Dương VP | C28: 3900 | D28: 60000 | F28: =E28+D28+C28 -> 63900 | G28: =ROUNDUP(C28/500,0) -> 8 | H28: =ROUNDUP(D28/500,0) -> 120 | I28: =ROUNDUP(E28/500,0) -> 0 | J28: =I28+H28+G28 -> 128 | K28: 29G-023.19 | L28: Phạm Văn Hải Bùi Văn Tuyến đi theo học việc) | M28: 964343887
A29: 45601 | B29: Hạnh Thục VP | C29: 7200 | D29: 142000 | F29: =E29+D29+C29 -> 149200 | G29: =ROUNDUP(C29/500,0) -> 15 | H29: =ROUNDUP(D29/500,0) -> 284 | I29: =ROUNDUP(E29/500,0) -> 0 | J29: =I29+H29+G29 -> 299
A30: 45601 | B30: Đạt Hà PT | D30: 57500 | F30: =E30+D30+C30 -> 57500 | G30: =ROUNDUP(C30/500,0) -> 0 | H30: =ROUNDUP(D30/500,0) -> 115 | I30: =ROUNDUP(E30/500,0) -> 0 | J30: =I30+H30+G30 -> 115 | K30: 29G-023.49 | L30: Lê Văn Giang | M30: 961571433
A31: 45601 | B31: Vạn Liên PT | D31: 81500 | F31: =E31+D31+C31 -> 81500 | G31: =ROUNDUP(C31/500,0) -> 0 | H31: =ROUNDUP(D31/500,0) -> 163 | I31: =ROUNDUP(E31/500,0) -> 0 | J31: =I31+H31+G31 -> 163
A32: 45601 | B32: Tuấn Tuyết YB | C32: 6300 | D32: 92000 | F32: =E32+D32+C32 -> 98300 | G32: =ROUNDUP(C32/500,0) -> 13 | H32: =ROUNDUP(D32/500,0) -> 184 | I32: =ROUNDUP(E32/500,0) -> 0 | J32: =I32+H32+G32 -> 197
A33: 45601 | B33: Ngọc Khang LC | C33: 5700 | D33: 47900 | F33: =E33+D33+C33 -> 53600 | G33: =ROUNDUP(C33/500,0) -> 12 | H33: =ROUNDUP(D33/500,0) -> 96 | I33: =ROUNDUP(E33/500,0) -> 0 | J33: =I33+H33+G33 -> 108
A34: 45601 | B34: An Lộc Phát LC | C34: 7600 | D34: 62500 | F34: =E34+D34+C34 -> 70100 | G34: =ROUNDUP(C34/500,0) -> 16 | H34: =ROUNDUP(D34/500,0) -> 125 | I34: =ROUNDUP(E34/500,0) -> 0 | J34: =I34+H34+G34 -> 141
A35: 45601 | B35: Đức Oanh, BG | C35: 6000 | D35: 67500 | F35: =E35+D35+C35 -> 73500 | G35: =ROUNDUP(C35/500,0) -> 12 | H35: =ROUNDUP(D35/500,0) -> 135 | I35: =ROUNDUP(E35/500,0) -> 0 | J35: =I35+H35+G35 -> 147 | K35: 29K-067.11 | L35: Hoàng Trọng Nam | M35: 948584663
A36: 45601 | B36: Thành Sơn BG | C36: 5000 | D36: 80000 | F36: =E36+D36+C36 -> 85000 | G36: =ROUNDUP(C36/500,0) -> 10 | H36: =ROUNDUP(D36/500,0) -> 160 | I36: =ROUNDUP(E36/500,0) -> 0 | J36: =I36+H36+G36 -> 170
A37: 45601 | B37: Sơn Hải BG | C37: 76900 | F37: =E37+D37+C37 -> 76900 | G37: =ROUNDUP(C37/500,0) -> 154 | H37: =ROUNDUP(D37/500,0) -> 0 | I37: =ROUNDUP(E37/500,0) -> 0 | J37: =I37+H37+G37 -> 154 | K37: 29G-023.25 | L37: Mai Văn Long (Lê Mạnh Cường đi cùng học việc) | M37: 971106882
A38: 45601 | B38: Lê Thị Viện BN | C38: 37600 | F38: =E38+D38+C38 -> 37600 | G38: =ROUNDUP(C38/500,0) -> 76 | H38: =ROUNDUP(D38/500,0) -> 0 | I38: =ROUNDUP(E38/500,0) -> 0 | J38: =I38+H38+G38 -> 76
A39: 45601 | B39: Lan Anh BN | C39: 8600 | D39: 177000 | F39: =E39+D39+C39 -> 185600 | G39: =ROUNDUP(C39/500,0) -> 18 | H39: =ROUNDUP(D39/500,0) -> 354 | I39: =ROUNDUP(E39/500,0) -> 0 | J39: =I39+H39+G39 -> 372
A40: 45601 | B40: Chiến Nhã, BN | C40: 56200 | F40: =E40+D40+C40 -> 56200 | G40: =ROUNDUP(C40/500,0) -> 113 | H40: =ROUNDUP(D40/500,0) -> 0 | I40: =ROUNDUP(E40/500,0) -> 0 | J40: =I40+H40+G40 -> 113
A41: 45601 | B41: Nhật Nam Anh TQ | C41: 6800 | D41: 87500 | F41: =E41+D41+C41 -> 94300 | G41: =ROUNDUP(C41/500,0) -> 14 | H41: =ROUNDUP(D41/500,0) -> 175 | I41: =ROUNDUP(E41/500,0) -> 0 | J41: =I41+H41+G41 -> 189 | K41: 29G-023.20 | L41: Bùi Văn Tuyến Trần Quyết Thắng (bốc) | M41: 335100785
A42: 45601 | B42: Thành Chung VT | C42: 3800 | D42: 47500 | F42: =E42+D42+C42 -> 51300 | G42: =ROUNDUP(C42/500,0) -> 8 | H42: =ROUNDUP(D42/500,0) -> 95 | I42: =ROUNDUP(E42/500,0) -> 0 | J42: =I42+H42+G42 -> 103
A43: 45601 | B43: Minh Hải VP | D43: 73700 | F43: =E43+D43+C43 -> 73700 | G43: =ROUNDUP(C43/500,0) -> 0 | H43: =ROUNDUP(D43/500,0) -> 148 | I43: =ROUNDUP(E43/500,0) -> 0 | J43: =I43+H43+G43 -> 148
A44: 45602 | B44: Long Hà - Bắc Giang | C44: 4000 | D44: 72500 | F44: =E44+D44+C44 -> 76500 | G44: =ROUNDUP(C44/500,0) -> 8 | H44: =ROUNDUP(D44/500,0) -> 145 | I44: =ROUNDUP(E44/500,0) -> 0 | J44: =I44+H44+G44 -> 153 | K44: 29K-079.24 | L44: Trần Xuân Trường | M44: 974392325
A45: 45602 | B45: Tiến Thành - BG | C45: 6100 | D45: 155000 | F45: =E45+D45+C45 -> 161100 | G45: =ROUNDUP(C45/500,0) -> 13 | H45: =ROUNDUP(D45/500,0) -> 310 | I45: =ROUNDUP(E45/500,0) -> 0 | J45: =I45+H45+G45 -> 323
A46: 45602 | B46: Chiến Nga - BG | C46: =21700+1000 -> 22700 | D46: 75000 | F46: =E46+D46+C46 -> 97700 | G46: =ROUNDUP(C46/500,0) -> 46 | H46: =ROUNDUP(D46/500,0) -> 150 | I46: =ROUNDUP(E46/500,0) -> 0 | J46: =I46+H46+G46 -> 196 | N46: Thương Mại
A47: 45602 | B47: Tiến Đạt - Lạng Sơn | C47: =6000+2000 -> 8000 | D47: 85000 | F47: =E47+D47+C47 -> 93000 | G47: =ROUNDUP(C47/500,0) -> 16 | H47: =ROUNDUP(D47/500,0) -> 170 | I47: =ROUNDUP(E47/500,0) -> 0 | J47: =I47+H47+G47 -> 186 | K47: 29K-067.11 | L47: Phạm Văn Hải | M47: 964343887 | N47: Thương Mại
A48: 45602 | B48: Hùng Phát BN | D48: 55000 | F48: =E48+D48+C48 -> 55000 | G48: =ROUNDUP(C48/500,0) -> 0 | H48: =ROUNDUP(D48/500,0) -> 110 | I48: =ROUNDUP(E48/500,0) -> 0 | J48: =I48+H48+G48 -> 110
A49: 45602 | B49: Sơn thái Hải Phòng | C49: =15000+107500 -> 122500 | F49: =E49+D49+C49 -> 122500 | G49: =ROUNDUP(C49/500,0) -> 245 | H49: =ROUNDUP(D49/500,0) -> 0 | I49: =ROUNDUP(E49/500,0) -> 0 | J49: =I49+H49+G49 -> 245 | K49: 29B-189.64 | L49: Lê Công Vinh | M49: 949502669 | N49: Thương Mại
A50: 45602 | B50: Hưng Thịnh HD | C50: 30000 | F50: =E50+D50+C50 -> 30000 | G50: =ROUNDUP(C50/500,0) -> 60 | H50: =ROUNDUP(D50/500,0) -> 0 | I50: =ROUNDUP(E50/500,0) -> 0 | J50: =I50+H50+G50 -> 60 | N50: Thương Mại
A51: 45602 | B51: Trang Hiển HP | C51: 3000 | F51: =E51+D51+C51 -> 3000 | G51: =ROUNDUP(C51/500,0) -> 6 | H51: =ROUNDUP(D51/500,0) -> 0 | I51: =ROUNDUP(E51/500,0) -> 0 | J51: =I51+H51+G51 -> 6 | K51: 29G-023.19 | L51: Nguyễn Trọng Tấn | M51: 967884730 | N51: Thương Mại
A52: 45602 | B52: Hoà Hương HP | C52: 2000 | F52: =E52+D52+C52 -> 2000 | G52: =ROUNDUP(C52/500,0) -> 4 | H52: =ROUNDUP(D52/500,0) -> 0 | I52: =ROUNDUP(E52/500,0) -> 0 | J52: =I52+H52+G52 -> 4 | N52: Thương Mại
A53: 45602 | B53: Nguyệt Hằng HP | C53: =3000+93800 -> 96800 | F53: =E53+D53+C53 -> 96800 | G53: =ROUNDUP(C53/500,0) -> 194 | H53: =ROUNDUP(D53/500,0) -> 0 | I53: =ROUNDUP(E53/500,0) -> 0 | J53: =I53+H53+G53 -> 194 | N53: Thương Mại
A54: 45602 | B54: Cường Trung HD | C54: =2000+111400 -> 113400 | F54: =E54+D54+C54 -> 113400 | G54: =ROUNDUP(C54/500,0) -> 227 | H54: =ROUNDUP(D54/500,0) -> 0 | I54: =ROUNDUP(E54/500,0) -> 0 | J54: =I54+H54+G54 -> 227 | N54: Thương Mại
A55: 45602 | B55: Việt Xô HD | C55: 10000 | F55: =E55+D55+C55 -> 10000 | G55: =ROUNDUP(C55/500,0) -> 20 | H55: =ROUNDUP(D55/500,0) -> 0 | I55: =ROUNDUP(E55/500,0) -> 0 | J55: =I55+H55+G55 -> 20
A56: 45603 | B56: Thái Dương-Vĩnh Phúc | C56: 1000 | D56: 70000 | F56: =E56+D56+C56 -> 71000 | G56: =ROUNDUP(C56/500,0) -> 2 | H56: =ROUNDUP(D56/500,0) -> 140 | I56: =ROUNDUP(E56/500,0) -> 0 | J56: =I56+H56+G56 -> 142 | K56: 29G-023.11 | L56: Lê Mạnh Cường | M56: 923453896 | N56: Thương Mại
A57: 45603 | B57: Hà Loan - Lâm Thao | C57: 3700 | D57: 73500 | F57: =E57+D57+C57 -> 77200 | G57: =ROUNDUP(C57/500,0) -> 8 | H57: =ROUNDUP(D57/500,0) -> 147 | I57: =ROUNDUP(E57/500,0) -> 0 | J57: =I57+H57+G57 -> 155
A58: 45603 | B58: Nam Hoa Phú Thọ | D58: 63100 | F58: =E58+D58+C58 -> 63100 | G58: =ROUNDUP(C58/500,0) -> 0 | H58: =ROUNDUP(D58/500,0) -> 127 | I58: =ROUNDUP(E58/500,0) -> 0 | J58: =I58+H58+G58 -> 127
A59: 45603 | B59: Trung chuyển | E59: 300000 | F59: =E59+D59+C59 -> 300000 | G59: =ROUNDUP(C59/500,0) -> 0 | H59: =ROUNDUP(D59/500,0) -> 0 | I59: =ROUNDUP(E59/500,0) -> 600 | J59: =I59+H59+G59 -> 600 | K59: 29G-023.49 | L59: Lê Văn Giang | M59: 961571433
A60: 45604 | B60: Xuân Lộc QB | D60: 190000 | F60: =E60+D60+C60 -> 190000 | G60: =ROUNDUP(C60/500,0) -> 0 | H60: =ROUNDUP(D60/500,0) -> 380 | I60: =ROUNDUP(E60/500,0) -> 0 | J60: =I60+H60+G60 -> 380 | K60: 29G-023.49 | L60: Lê Văn Giang | M60: 961571433
A61: 45604 | B61: Bình Phương - QTri | C61: 28500 | D61: 93500 | F61: =E61+D61+C61 -> 122000 | G61: =ROUNDUP(C61/500,0) -> 57 | H61: =ROUNDUP(D61/500,0) -> 187 | I61: =ROUNDUP(E61/500,0) -> 0 | J61: =I61+H61+G61 -> 244
A62: 45604 | B62: Hồng Hà - Thanh Hoá | E62: 50000 | F62: =E62+D62+C62 -> 50000 | G62: =ROUNDUP(C62/500,0) -> 0 | H62: =ROUNDUP(D62/500,0) -> 0 | I62: =ROUNDUP(E62/500,0) -> 100 | J62: =I62+H62+G62 -> 100 | N62: Thương Mại
A63: 45604 | B63: Hồng Hà - Thanh Hoá | C63: =1000+19900 -> 20900 | E63: 87000 | F63: =E63+D63+C63 -> 107900 | G63: =ROUNDUP(C63/500,0) -> 42 | H63: =ROUNDUP(D63/500,0) -> 0 | I63: =ROUNDUP(E63/500,0) -> 174 | J63: =I63+H63+G63 -> 216 | K63: 29G-023.19 | L63: Nguyễn Trọng Tấn | M63: 967884730
A64: 45604 | B64: Thạch Thành TH | C64: 10000 | E64: 112000 | F64: =E64+D64+C64 -> 122000 | G64: =ROUNDUP(C64/500,0) -> 20 | H64: =ROUNDUP(D64/500,0) -> 0 | I64: =ROUNDUP(E64/500,0) -> 224 | J64: =I64+H64+G64 -> 244
A65: 45604 | B65: Bình An TB | C65: 76500 | F65: =E65+D65+C65 -> 76500 | G65: =ROUNDUP(C65/500,0) -> 153 | H65: =ROUNDUP(D65/500,0) -> 0 | I65: =ROUNDUP(E65/500,0) -> 0 | J65: =I65+H65+G65 -> 153 | K65: 29B-189.64 | L65: Lê Công Vinh | M65: 949502669
A66: 45604 | B66: Bình An Nhiên NB | D66: 133300 | F66: =E66+D66+C66 -> 133300 | G66: =ROUNDUP(C66/500,0) -> 0 | H66: =ROUNDUP(D66/500,0) -> 267 | I66: =ROUNDUP(E66/500,0) -> 0 | J66: =I66+H66+G66 -> 267
A67: 45607 | B67: Hồng Phát VN UB | D67: 250000 | F67: =E67+D67+C67 -> 250000 | G67: =ROUNDUP(C67/500,0) -> 0 | H67: =ROUNDUP(D67/500,0) -> 500 | I67: =ROUNDUP(E67/500,0) -> 0 | J67: =I67+H67+G67 -> 500 | K67: 29K-079.24 | L67: Trần Xuân Trường | M67: 974392325
A68: 45607 | B68: Hồng Đức, Uông Bí | C68: =1000+62500 -> 63500 | F68: =E68+D68+C68 -> 63500 | G68: =ROUNDUP(C68/500,0) -> 127 | H68: =ROUNDUP(D68/500,0) -> 0 | I68: =ROUNDUP(E68/500,0) -> 0 | J68: =I68+H68+G68 -> 127 | N68: Thương Mại
A69: 45607 | B69: Công Nghệ Phẩm HP | C69: 11400 | D69: 122500 | F69: =E69+D69+C69 -> 133900 | G69: =ROUNDUP(C69/500,0) -> 23 | H69: =ROUNDUP(D69/500,0) -> 245 | I69: =ROUNDUP(E69/500,0) -> 0 | J69: =I69+H69+G69 -> 268 | K69: 29G-023.25 | L69: Mai Văn Long | M69: 971106882
A70: 45607 | B70: Sơn Thái HP | C70: 9800 | D70: 125000 | F70: =E70+D70+C70 -> 134800 | G70: =ROUNDUP(C70/500,0) -> 20 | H70: =ROUNDUP(D70/500,0) -> 250 | I70: =ROUNDUP(E70/500,0) -> 0 | J70: =I70+H70+G70 -> 270
A71: 45608 | B71: Đạt Hà PT | D71: 57500 | F71: =E71+D71+C71 -> 57500 | G71: =ROUNDUP(C71/500,0) -> 0 | H71: =ROUNDUP(D71/500,0) -> 115 | I71: =ROUNDUP(E71/500,0) -> 0 | J71: =I71+H71+G71 -> 115 | K71: 29B-189.64 | L71: Lê Công Vinh | M71: 949502669
A72: 45608 | B72: Thuỷ chính PT | C72: 10100 | D72: 165000 | F72: =E72+D72+C72 -> 175100 | G72: =ROUNDUP(C72/500,0) -> 21 | H72: =ROUNDUP(D72/500,0) -> 330 | I72: =ROUNDUP(E72/500,0) -> 0 | J72: =I72+H72+G72 -> 351
A73: 45608 | B73: Vạn Liên PT | D73: 86000 | F73: =E73+D73+C73 -> 86000 | G73: =ROUNDUP(C73/500,0) -> 0 | H73: =ROUNDUP(D73/500,0) -> 172 | I73: =ROUNDUP(E73/500,0) -> 0 | J73: =I73+H73+G73 -> 172 | K73: 29G-023.20 | L73: Lê Mạnh Cường (Cương đi học đường) | M73: 923453896
A74: 45608 | B74: Ngọc Khang LC | C74: 5600 | D74: 50000 | F74: =E74+D74+C74 -> 55600 | G74: =ROUNDUP(C74/500,0) -> 12 | H74: =ROUNDUP(D74/500,0) -> 100 | I74: =ROUNDUP(E74/500,0) -> 0 | J74: =I74+H74+G74 -> 112
A75: 45608 | B75: Tùng Linh TQ | C75: 11300 | D75: 77500 | F75: =E75+D75+C75 -> 88800 | G75: =ROUNDUP(C75/500,0) -> 23 | H75: =ROUNDUP(D75/500,0) -> 155 | I75: =ROUNDUP(E75/500,0) -> 0 | J75: =I75+H75+G75 -> 178
A76: 45608 | B76: Mai Linh VP | C76: 5900 | D76: 50000 | F76: =E76+D76+C76 -> 55900 | G76: =ROUNDUP(C76/500,0) -> 12 | H76: =ROUNDUP(D76/500,0) -> 100 | I76: =ROUNDUP(E76/500,0) -> 0 | J76: =I76+H76+G76 -> 112 | K76: 29G-023.49 | L76: Lê Văn Giang | M76: 961571433
A77: 45608 | B77: Minh Hải VP | C77: 1200 | D77: 95000 | F77: =E77+D77+C77 -> 96200 | G77: =ROUNDUP(C77/500,0) -> 3 | H77: =ROUNDUP(D77/500,0) -> 190 | I77: =ROUNDUP(E77/500,0) -> 0 | J77: =I77+H77+G77 -> 193
A78: 45608 | B78: Thái Dương VP | C78: 6800 | D78: 70000 | F78: =E78+D78+C78 -> 76800 | G78: =ROUNDUP(C78/500,0) -> 14 | H78: =ROUNDUP(D78/500,0) -> 140 | I78: =ROUNDUP(E78/500,0) -> 0 | J78: =I78+H78+G78 -> 154
A79: 45608 | B79: hạnh thục VP | C79: =1000+5600 -> 6600 | D79: 117000 | F79: =E79+D79+C79 -> 123600 | G79: =ROUNDUP(C79/500,0) -> 14 | H79: =ROUNDUP(D79/500,0) -> 234 | I79: =ROUNDUP(E79/500,0) -> 0 | J79: =I79+H79+G79 -> 248 | N79: Thương Mại
A80: 45608 | B80: kim anh phát Thanh Hoá | C80: 4300 | D80: 57500 | F80: =E80+D80+C80 -> 61800 | G80: =ROUNDUP(C80/500,0) -> 9 | H80: =ROUNDUP(D80/500,0) -> 115 | I80: =ROUNDUP(E80/500,0) -> 0 | J80: =I80+H80+G80 -> 124 | K80: 29G-023.19 | L80: Nguyễn Trọng Tấn | M80: 967884730
A81: 45608 | B81: hồng hà - Thanh Hoá | D81: 17500 | E81: 137000 | F81: =E81+D81+C81 -> 154500 | G81: =ROUNDUP(C81/500,0) -> 0 | H81: =ROUNDUP(D81/500,0) -> 35 | I81: =ROUNDUP(E81/500,0) -> 274 | J81: =I81+H81+G81 -> 309
A82: 45608 | B82: Vượng Phát TH | C82: 10000 | D82: 41000 | F82: =E82+D82+C82 -> 51000 | G82: =ROUNDUP(C82/500,0) -> 20 | H82: =ROUNDUP(D82/500,0) -> 82 | I82: =ROUNDUP(E82/500,0) -> 0 | J82: =I82+H82+G82 -> 102 | K82: 29G-023.11 | L82: Phạm Văn Hải | M82: 964343887
A83: 45608 | B83: Cường Phượng Thanh Hoá | C83: 13000 | D83: 52500 | F83: =E83+D83+C83 -> 65500 | G83: =ROUNDUP(C83/500,0) -> 26 | H83: =ROUNDUP(D83/500,0) -> 105 | I83: =ROUNDUP(E83/500,0) -> 0 | J83: =I83+H83+G83 -> 131
A84: 45608 | B84: Hoàng Quân, Vinh | D84: 6800 | F84: =E84+D84+C84 -> 6800 | G84: =ROUNDUP(C84/500,0) -> 0 | H84: =ROUNDUP(D84/500,0) -> 14 | I84: =ROUNDUP(E84/500,0) -> 0 | J84: =I84+H84+G84 -> 14
A85: 45608 | B85: Liên Hồng, Vinh | C85: 9000 | D85: 17000 | F85: =E85+D85+C85 -> 26000 | G85: =ROUNDUP(C85/500,0) -> 18 | H85: =ROUNDUP(D85/500,0) -> 34 | I85: =ROUNDUP(E85/500,0) -> 0 | J85: =I85+H85+G85 -> 52
A86: 45608 | B86: Nam Hương, Vinh | D86: 21900 | F86: =E86+D86+C86 -> 21900 | G86: =ROUNDUP(C86/500,0) -> 0 | H86: =ROUNDUP(D86/500,0) -> 44 | I86: =ROUNDUP(E86/500,0) -> 0 | J86: =I86+H86+G86 -> 44
A87: 45608 | B87: Nguyệt Hoàng, Vinh | D87: 21000 | F87: =E87+D87+C87 -> 21000 | G87: =ROUNDUP(C87/500,0) -> 0 | H87: =ROUNDUP(D87/500,0) -> 42 | I87: =ROUNDUP(E87/500,0) -> 0 | J87: =I87+H87+G87 -> 42
A88: 45608 | B88: Tuấn Anh, Vinh | D88: 21000 | F88: =E88+D88+C88 -> 21000 | G88: =ROUNDUP(C88/500,0) -> 0 | H88: =ROUNDUP(D88/500,0) -> 42 | I88: =ROUNDUP(E88/500,0) -> 0 | J88: =I88+H88+G88 -> 42
A89: 45609 | B89: Định Nhuận | C89: 3600 | D89: 88500 | F89: =E89+D89+C89 -> 92100 | G89: =ROUNDUP(C89/500,0) -> 8 | H89: =ROUNDUP(D89/500,0) -> 177 | I89: =ROUNDUP(E89/500,0) -> 0 | J89: =I89+H89+G89 -> 185 | K89: 29K-079.24 | L89: Trần Xuân Trường | M89: 974392325
A90: 45609 | B90: Thành Chung Hoà Bình | D90: 94000 | F90: =E90+D90+C90 -> 94000 | G90: =ROUNDUP(C90/500,0) -> 0 | H90: =ROUNDUP(D90/500,0) -> 188 | I90: =ROUNDUP(E90/500,0) -> 0 | J90: =I90+H90+G90 -> 188
A91: 45609 | B91: Thành Chung VT | C91: 8800 | D91: 39000 | F91: =E91+D91+C91 -> 47800 | G91: =ROUNDUP(C91/500,0) -> 18 | H91: =ROUNDUP(D91/500,0) -> 78 | I91: =ROUNDUP(E91/500,0) -> 0 | J91: =I91+H91+G91 -> 96 | K91: 29K-067.11 | L91: Hoàng Trọng Nam | M91: 948584663
A92: 45609 | B92: Nam Hoa PT | C92: 8000 | D92: 56000 | F92: =E92+D92+C92 -> 64000 | G92: =ROUNDUP(C92/500,0) -> 16 | H92: =ROUNDUP(D92/500,0) -> 112 | I92: =ROUNDUP(E92/500,0) -> 0 | J92: =I92+H92+G92 -> 128
A93: 45609 | B93: Hà Loan - Lâm Thao | C93: 8200 | D93: 53500 | F93: =E93+D93+C93 -> 61700 | G93: =ROUNDUP(C93/500,0) -> 17 | H93: =ROUNDUP(D93/500,0) -> 107 | I93: =ROUNDUP(E93/500,0) -> 0 | J93: =I93+H93+G93 -> 124
A94: 45609 | B94: Hoà Thu TQ | C94: 33300 | F94: =E94+D94+C94 -> 33300 | G94: =ROUNDUP(C94/500,0) -> 67 | H94: =ROUNDUP(D94/500,0) -> 0 | I94: =ROUNDUP(E94/500,0) -> 0 | J94: =I94+H94+G94 -> 67 | K94: 29B-189.64 | L94: Lê Công Vinh | M94: 949502669
A95: 45609 | B95: Nhật Nam Anh TQ | C95: 11300 | D95: 77500 | F95: =E95+D95+C95 -> 88800 | G95: =ROUNDUP(C95/500,0) -> 23 | H95: =ROUNDUP(D95/500,0) -> 155 | I95: =ROUNDUP(E95/500,0) -> 0 | J95: =I95+H95+G95 -> 178
A96: 45609 | B96: An Lộc Phát LC | C96: 16000 | D96: 80000 | F96: =E96+D96+C96 -> 96000 | G96: =ROUNDUP(C96/500,0) -> 32 | H96: =ROUNDUP(D96/500,0) -> 160 | I96: =ROUNDUP(E96/500,0) -> 0 | J96: =I96+H96+G96 -> 192
A97: 45609 | B97: Việt Xô HD | C97: 88200 | F97: =E97+D97+C97 -> 88200 | G97: =ROUNDUP(C97/500,0) -> 177 | H97: =ROUNDUP(D97/500,0) -> 0 | I97: =ROUNDUP(E97/500,0) -> 0 | J97: =I97+H97+G97 -> 177 | K97: 29G-023.19 | L97: Nguyễn Trọng Tấn | M97: 967884730
A98: 45609 | B98: Hưng Thịnh HD | C98: 30000 | F98: =E98+D98+C98 -> 30000 | G98: =ROUNDUP(C98/500,0) -> 60 | H98: =ROUNDUP(D98/500,0) -> 0 | I98: =ROUNDUP(E98/500,0) -> 0 | J98: =I98+H98+G98 -> 60 | N98: Thương Mại
A99: 45609 | B99: Nguyệt Hằng HP | C99: 86200 | F99: =E99+D99+C99 -> 86200 | G99: =ROUNDUP(C99/500,0) -> 173 | H99: =ROUNDUP(D99/500,0) -> 0 | I99: =ROUNDUP(E99/500,0) -> 0 | J99: =I99+H99+G99 -> 173
A100: 45609 | B100: Trường Sơn, Thái Nguyên | C100: 10000 | D100: =100000+230000 -> 330000 | F100: =E100+D100+C100 -> 340000 | G100: =ROUNDUP(C100/500,0) -> 20 | H100: =ROUNDUP(D100/500,0) -> 660 | I100: =ROUNDUP(E100/500,0) -> 0 | J100: =I100+H100+G100 -> 680 | K100: 29G-023.25 | L100: Trần Tuấn Cương | M100: 896689906
...

Sheet AEON
A1: Kho bốc hàng | C1: Mã cửa hàng | D1: Tên cửa hàng | E1: Địa chỉ | F1: Định vị | G1: BKS | H1: Tải trọng | I1: Họ tên lái | J1: SĐT | K1: CCCD | L1: Sức chứa CR
C2: 3002 | D2: Maxvalu ECOPARK | E2: ecopark | F2: https://maps.app.goo.gl/CkFZ5Ah2z384Cq4c9 | G2: 29H-464.01 | H2: 2.5 | I2: Chu Lê Tân | J2: 398232148 | K2: 26098005897 | L2: 23
C3: 3015 | D3: Maxvalu WESTBAY | E3: ecopark | F3: https://maps.app.goo.gl/V4XvqSCbD6nbATc57 | G3: 29H-737.03 | H3: 2.5 | I3: Nguyễn Minh Hiếu | J3: 886884883 | K3: 001202021701 | L3: 27
C4: 3030 | D4: Maxvalu SKY OASIS | E4: ecopark | F4: https://maps.app.goo.gl/vBhevvFiVH571ewYA | G4: 29K-067.25 | H4: 3.5 | I4: Nguyễn Văn Lực | J4: 966353312 | K4: 1090008150 | L4: 37
C5: 3020 | D5: Maxvalu ECOPARK 3 | E5: ecopark 3 | F5: https://maps.app.goo.gl/HbKfMAM6ZJ2cki33A | G5: 29G-023.14 | H5: 1.5 | I5: Chu Lê Tân | J5: 398232148 | K5: 26098005897 | L5: 15
C6: 3016 | D6: Maxvalu OCEAN PARK | E6: ocean park | F6: https://maps.app.goo.gl/cb3YQh3TLsTwSWVn8 | G6: 29G-023.46 | H6: 1.5 | L6: 15
C7: 3027 | D7: Maxvalu ZENPARK | E7: ocean park | F7: https://maps.app.goo.gl/upjpQVJxoECjeWUMA | G7: 29G-023.30 | H7: 1.5 | L7: 15
C8: 3031 | D8: Maxvalu SYMPHONY | E8: riverside long biên | F8: https://maps.app.goo.gl/4kxASnHEEVuKooRq5 | G8: 29LD-305.39 | H8: 1.5 | L8: 15
C9: 3023 | D9: Maxvalu KOSMO | E9: tây hồ | F9: https://maps.app.goo.gl/ok7bBzsmsChjA4sr9
C10: 3005 | D10: Maxvalu HORIZON | E10: ngoại giao đoàn | F10: https://maps.app.goo.gl/7Gcj3GRwWU6jMGVG8
C11: 3013 | D11: Maxvalu LOTUS | E11: ngoại giao đoàn | F11: https://maps.app.goo.gl/DcaBy1fNELXvJRz79
C12: 3032 | D12: Maxvalu FIVE STAR | E12: kim giang | F12: https://maps.app.goo.gl/dWzVrEQezADjS6xr8
C13: 3003 | D13: Maxvalu RIVERSIDE | E13: khương đình | F13: https://maps.app.goo.gl/wuxnYz6HHJwtPaB47
C14: 3011 | D14: Maxvalu THĂNG LONG | E14: đại lộ thăng long | F14: https://maps.app.goo.gl/wBa5ge1ERrYYzM5j8
C15: 3018 | D15: Maxvalu LĨNH NAM | E15: lĩnh nam | F15: https://maps.app.goo.gl/D7aS56u6ApgMQraJ8
C16: 3014 | D16: Maxvalu LINH ĐÀM | E16: linh đàm | F16: https://maps.app.goo.gl/xMeDLNAUwuUVZmRK8
C17: 3033 | D17: Maxvalu SAPPHIRE | E17: ocean park | F17: https://maps.app.goo.gl/9ZDNPuA3MT4eRRjT6
B18: DANH SÁCH LÁI XE VÀ BIỂN SỐ XE CHỞ HÀNG KHÔ AEON
F19: NGÀY: | G19: =TODAY()+1 -> 46214
B21: Ngày | C21: Xe | D21: BKS | E21: Tải trọng (tấn) | F21: Họ tên lái | G21: SĐT | H21: CCCD | I21: Mã Cửa Hàng | J21: Tên Cửa Hàng | K21: Số CR | L21: Thời Gian XK
B22: 45568 | C22: Truck 1 | D22: 29K-067.25 | E22: =IFERROR(VLOOKUP(D22,#REF!,6,0),"") | F22: Phan Lưu Trường | G22: =IFERROR(VLOOKUP(F22,#REF!,2,0),"") | H22: =IFERROR(VLOOKUP(F22,#REF!,3,0),"") | I22: 3020 | J22: =IFERROR(VLOOKUP(I22,#REF!,2,0),"") | K22: 9
B23: 45568 | I23: 3027 | J23: =IFERROR(VLOOKUP(I23,#REF!,2,0),"") | K23: 9
B24: 45568 | I24: 3016 | J24: =IFERROR(VLOOKUP(I24,#REF!,2,0),"") | K24: 9
B25: 45568 | C25: Truck 2 | D25: 29G-023.46 | E25: =IFERROR(VLOOKUP(D25,#REF!,6,0),"") | F25: Nguyễn Thành Hưng | G25: =IFERROR(VLOOKUP(F25,#REF!,2,0),"") | H25: =IFERROR(VLOOKUP(F25,#REF!,3,0),"") | I25: 3015 | J25: =IFERROR(VLOOKUP(I25,#REF!,2,0),"") | K25: 7
B26: 45568 | I26: 3030 | J26: =IFERROR(VLOOKUP(I26,#REF!,2,0),"") | K26: 7
B27: 45568 | C27: Truck 3 | D27: 29G-023.14 | E27: =IFERROR(VLOOKUP(D27,#REF!,6,0),"") | F27: Đầu Xuân Thành | G27: =IFERROR(VLOOKUP(F27,#REF!,2,0),"") | H27: =IFERROR(VLOOKUP(F27,#REF!,3,0),"") | I27: 3002 | J27: =IFERROR(VLOOKUP(I27,#REF!,2,0),"") | K27: 10
B28: 45568 | C28: Truck 4 | D28: 29H-464.01 | E28: =IFERROR(VLOOKUP(D28,#REF!,6,0),"") | F28: Khổng Quốc Hải | G28: =IFERROR(VLOOKUP(F28,#REF!,2,0),"") | H28: =IFERROR(VLOOKUP(F28,#REF!,3,0),"") | I28: 3003 | J28: =IFERROR(VLOOKUP(I28,#REF!,2,0),"") | K28: 8
B29: 45568 | I29: 3032 | J29: =IFERROR(VLOOKUP(I29,#REF!,2,0),"") | K29: 5
B30: 45568 | I30: 3011 | J30: =IFERROR(VLOOKUP(I30,#REF!,2,0),"") | K30: 8
B31: 45568 | C31: Truck 5 | D31: 29K-067.25 | E31: =IFERROR(VLOOKUP(D31,#REF!,6,0),"") | F31: Phan Lưu Trường | G31: =IFERROR(VLOOKUP(F31,#REF!,2,0),"") | H31: =IFERROR(VLOOKUP(F31,#REF!,3,0),"") | I31: 3031 | J31: =IFERROR(VLOOKUP(I31,#REF!,2,0),"") | K31: 6
B32: 45568 | I32: 3005 | J32: =IFERROR(VLOOKUP(I32,#REF!,2,0),"") | K32: 7
B33: 45568 | I33: 3013 | J33: =IFERROR(VLOOKUP(I33,#REF!,2,0),"") | K33: 8
B34: 45568 | I34: 3023 | J34: =IFERROR(VLOOKUP(I34,#REF!,2,0),"") | K34: 7
B35: 45568 | C35: Truck 6 | D35: 29G-023.14 | E35: =IFERROR(VLOOKUP(D35,#REF!,6,0),"") | F35: Đầu Xuân Thành | G35: =IFERROR(VLOOKUP(F35,#REF!,2,0),"") | H35: =IFERROR(VLOOKUP(F35,#REF!,3,0),"") | I35: 3018 | J35: =IFERROR(VLOOKUP(I35,#REF!,2,0),"") | K35: 6
B36: 45568 | I36: 3014 | J36: =IFERROR(VLOOKUP(I36,#REF!,2,0),"") | K36: 8
B37: 45569 | C37: Truck 1 | D37: 29K-067.25 | E37: =IFERROR(VLOOKUP(D37,#REF!,6,0),"") | F37: Phan Lưu Trường | G37: =IFERROR(VLOOKUP(F37,#REF!,2,0),"") | H37: =IFERROR(VLOOKUP(F37,#REF!,3,0),"") | I37: 3005 | J37: =IFERROR(VLOOKUP(I37,#REF!,2,0),"") | K37: 7 | L37: 0.39583333
B38: 45569 | I38: 3013 | J38: =IFERROR(VLOOKUP(I38,#REF!,2,0),"") | K38: 7
B39: 45569 | I39: 3023 | J39: =IFERROR(VLOOKUP(I39,#REF!,2,0),"") | K39: 7
B40: 45569 | I40: 3031 | J40: =IFERROR(VLOOKUP(I40,#REF!,2,0),"") | K40: 6
B41: 45569 | C41: Truck 2 | D41: 29H-464.01 | E41: =IFERROR(VLOOKUP(D41,#REF!,6,0),"") | F41: Khổng Quốc Hải | G41: =IFERROR(VLOOKUP(F41,#REF!,2,0),"") | H41: =IFERROR(VLOOKUP(F41,#REF!,3,0),"") | I41: 3027 | J41: =IFERROR(VLOOKUP(I41,#REF!,2,0),"") | K41: 10 | L41: 0.41666667
B42: 45569 | I42: 3016 | J42: =IFERROR(VLOOKUP(I42,#REF!,2,0),"") | K42: 9
B43: 45569 | C43: Truck 3 | D43: 29G-023.14 | E43: =IFERROR(VLOOKUP(D43,#REF!,6,0),"") | F43: Đầu Xuân Thành | G43: =IFERROR(VLOOKUP(F43,#REF!,2,0),"") | H43: =IFERROR(VLOOKUP(F43,#REF!,3,0),"") | I43: 3018 | J43: =IFERROR(VLOOKUP(I43,#REF!,2,0),"") | K43: 6 | L43: 0.4375
B44: 45569 | I44: 3014 | J44: =IFERROR(VLOOKUP(I44,#REF!,2,0),"") | K44: 8
B45: 45569 | C45: Truck 4 | D45: 29K-067.25 | E45: =IFERROR(VLOOKUP(D45,#REF!,6,0),"") | F45: Phan Lưu Trường | G45: =IFERROR(VLOOKUP(F45,#REF!,2,0),"") | H45: =IFERROR(VLOOKUP(F45,#REF!,3,0),"") | I45: 3002 | J45: =IFERROR(VLOOKUP(I45,#REF!,2,0),"") | K45: 8 | L45: 0.54166667
B46: 45569 | I46: 3015 | J46: =IFERROR(VLOOKUP(I46,#REF!,2,0),"") | K46: 7
B47: 45569 | I47: 3030 | J47: =IFERROR(VLOOKUP(I47,#REF!,2,0),"") | K47: 7
B48: 45569 | I48: 3020 | J48: =IFERROR(VLOOKUP(I48,#REF!,2,0),"") | K48: 7
B49: 45569 | C49: Truck 5 | D49: 29H-464.01 | E49: =IFERROR(VLOOKUP(D49,#REF!,6,0),"") | F49: Khổng Quốc Hải | G49: =IFERROR(VLOOKUP(F49,#REF!,2,0),"") | H49: =IFERROR(VLOOKUP(F49,#REF!,3,0),"") | I49: 3003 | J49: =IFERROR(VLOOKUP(I49,#REF!,2,0),"") | K49: 7 | L49: 0.5625
B50: 45569 | I50: 3032 | J50: =IFERROR(VLOOKUP(I50,#REF!,2,0),"") | K50: 7
B51: 45569 | I51: 3011 | J51: =IFERROR(VLOOKUP(I51,#REF!,2,0),"") | K51: 7
B52: 45570 | C52: Truck 1 | D52: 29K-067.25 | E52: =IFERROR(VLOOKUP(D52,#REF!,6,0),"") | F52: Phan Lưu Trường | G52: =IFERROR(VLOOKUP(F52,#REF!,2,0),"") | H52: =IFERROR(VLOOKUP(F52,#REF!,3,0),"") | I52: 3002 | J52: =IFERROR(VLOOKUP(I52,#REF!,2,0),"") | K52: 16
B53: 45570 | I53: 3015 | J53: =IFERROR(VLOOKUP(I53,#REF!,2,0),"") | K53: 5
B54: 45570 | I54: 3030 | J54: =IFERROR(VLOOKUP(I54,#REF!,2,0),"") | K54: 4
B55: 45570 | I55: 3020 | J55: =IFERROR(VLOOKUP(I55,#REF!,2,0),"") | K55: 6
B56: 45570 | C56: Truck 2 | D56: 29G-023.14 | E56: =IFERROR(VLOOKUP(D56,#REF!,6,0),"") | F56: Đầu Xuân Thành | G56: =IFERROR(VLOOKUP(F56,#REF!,2,0),"") | H56: =IFERROR(VLOOKUP(F56,#REF!,3,0),"") | I56: 3027 | J56: =IFERROR(VLOOKUP(I56,#REF!,2,0),"") | K56: 6
B57: 45570 | I57: 3016 | J57: =IFERROR(VLOOKUP(I57,#REF!,2,0),"") | K57: 7
B58: 45570 | C58: Truck 3 | D58: 29G-023.46 | E58: =IFERROR(VLOOKUP(D58,#REF!,6,0),"") | F58: Nguyễn Thành Hưng | G58: =IFERROR(VLOOKUP(F58,#REF!,2,0),"") | H58: =IFERROR(VLOOKUP(F58,#REF!,3,0),"") | I58: 3018 | J58: =IFERROR(VLOOKUP(I58,#REF!,2,0),"") | K58: 4
B59: 45570 | I59: 3014 | J59: =IFERROR(VLOOKUP(I59,#REF!,2,0),"") | K59: 6
B60: 45570 | C60: Truck 4 | D60: 29K-067.25 | E60: =IFERROR(VLOOKUP(D60,#REF!,6,0),"") | F60: Phan Lưu Trường | G60: =IFERROR(VLOOKUP(F60,#REF!,2,0),"") | H60: =IFERROR(VLOOKUP(F60,#REF!,3,0),"") | I60: 3005 | J60: =IFERROR(VLOOKUP(I60,#REF!,2,0),"") | K60: 4
B61: 45570 | I61: 3013 | J61: =IFERROR(VLOOKUP(I61,#REF!,2,0),"") | K61: 5
B62: 45570 | I62: 3023 | J62: =IFERROR(VLOOKUP(I62,#REF!,2,0),"") | K62: 6
B63: 45570 | I63: 3031 | J63: =IFERROR(VLOOKUP(I63,#REF!,2,0),"") | K63: 4
B64: 45570 | I64: 3011 | J64: =IFERROR(VLOOKUP(I64,#REF!,2,0),"") | K64: 8
B65: 45570 | C65: Truck 5 | D65: 29G-023.14 | E65: =IFERROR(VLOOKUP(D65,#REF!,6,0),"") | F65: Đầu Xuân Thành | G65: =IFERROR(VLOOKUP(F65,#REF!,2,0),"") | H65: =IFERROR(VLOOKUP(F65,#REF!,3,0),"") | I65: 3003 | J65: =IFERROR(VLOOKUP(I65,#REF!,2,0),"") | K65: 5
B66: 45570 | I66: 3032 | J66: =IFERROR(VLOOKUP(I66,#REF!,2,0),"") | K66: 5
B67: 45572 | C67: Truck 1 | D67: 29H-737.03 | E67: =IFERROR(VLOOKUP(D67,#REF!,6,0),"") | F67: Khổng Quốc Hải | G67: =IFERROR(VLOOKUP(F67,#REF!,2,0),"") | H67: =IFERROR(VLOOKUP(F67,#REF!,3,0),"") | I67: 3002 | J67: =IFERROR(VLOOKUP(I67,#REF!,2,0),"") | K67: 26 | L67: 0.33333333
B68: 45572 | C68: Truck 2 | D68: 29H-464.01 | E68: =IFERROR(VLOOKUP(D68,#REF!,6,0),"") | F68: Nguyễn Hữu Vũ | G68: =IFERROR(VLOOKUP(F68,#REF!,2,0),"") | H68: =IFERROR(VLOOKUP(F68,#REF!,3,0),"") | I68: 3015 | J68: =IFERROR(VLOOKUP(I68,#REF!,2,0),"") | K68: 14 | L68: 0.35416667
B69: 45572 | I69: 3030 | J69: =IFERROR(VLOOKUP(I69,#REF!,2,0),"") | K69: 12
B70: 45572 | C70: Truck 3 | D70: 29K-067.25 | E70: =IFERROR(VLOOKUP(D70,#REF!,6,0),"") | F70: Phan Lưu Trường | G70: =IFERROR(VLOOKUP(F70,#REF!,2,0),"") | H70: =IFERROR(VLOOKUP(F70,#REF!,3,0),"") | I70: 3020 | J70: =IFERROR(VLOOKUP(I70,#REF!,2,0),"") | K70: 18 | L70: 0.375
B71: 45572 | I71: 3016 | J71: =IFERROR(VLOOKUP(I71,#REF!,2,0),"") | K71: 14
B72: 45572 | C72: Truck 4 | D72: 29G-023.14 | E72: =IFERROR(VLOOKUP(D72,#REF!,6,0),"") | F72: Đầu Xuân Thành | G72: =IFERROR(VLOOKUP(F72,#REF!,2,0),"") | H72: =IFERROR(VLOOKUP(F72,#REF!,3,0),"") | I72: 3027 | J72: =IFERROR(VLOOKUP(I72,#REF!,2,0),"") | K72: 15 | L72: 0.39583333
B73: 45572 | C73: Truck 5 | D73: 29K-067.25 | E73: =IFERROR(VLOOKUP(D73,#REF!,6,0),"") | F73: Phan Lưu Trường | G73: =IFERROR(VLOOKUP(F73,#REF!,2,0),"") | H73: =IFERROR(VLOOKUP(F73,#REF!,3,0),"") | I73: 3005 | J73: =IFERROR(VLOOKUP(I73,#REF!,2,0),"") | K73: 12 | L73: 0.41666667
B74: 45572 | I74: 3013 | J74: =IFERROR(VLOOKUP(I74,#REF!,2,0),"") | K74: 12
B75: 45572 | I75: 3023 | J75: =IFERROR(VLOOKUP(I75,#REF!,2,0),"") | K75: 9
B76: 45572 | C76: Truck 6 | D76: 29H-737.03 | E76: =IFERROR(VLOOKUP(D76,#REF!,6,0),"") | F76: Khổng Quốc Hải | G76: =IFERROR(VLOOKUP(F76,#REF!,2,0),"") | H76: =IFERROR(VLOOKUP(F76,#REF!,3,0),"") | I76: 3032 | J76: =IFERROR(VLOOKUP(I76,#REF!,2,0),"") | K76: 11 | L76: 0.4375
B77: 45572 | I77: 3014 | J77: =IFERROR(VLOOKUP(I77,#REF!,2,0),"") | K77: 15
B78: 45572 | C78: Truck 7 | D78: 29H-464.01 | E78: =IFERROR(VLOOKUP(D78,#REF!,6,0),"") | F78: Nguyễn Hữu Vũ | G78: =IFERROR(VLOOKUP(F78,#REF!,2,0),"") | H78: =IFERROR(VLOOKUP(F78,#REF!,3,0),"") | I78: 3011 | J78: =IFERROR(VLOOKUP(I78,#REF!,2,0),"") | K78: 12 | L78: 0.54166667
B79: 45572 | I79: 3003 | J79: =IFERROR(VLOOKUP(I79,#REF!,2,0),"") | K79: 12
B80: 45572 | C80: Truck 8 | D80: 29G-023.14 | E80: =IFERROR(VLOOKUP(D80,#REF!,6,0),"") | F80: Đầu Xuân Thành | G80: =IFERROR(VLOOKUP(F80,#REF!,2,0),"") | H80: =IFERROR(VLOOKUP(F80,#REF!,3,0),"") | I80: 3018 | J80: =IFERROR(VLOOKUP(I80,#REF!,2,0),"") | K80: 11 | L80: 0.5625
B81: 45572 | I81: 3031 | J81: =IFERROR(VLOOKUP(I81,#REF!,2,0),"") | K81: 7
B82: 45573 | C82: Truck1 | D82: 29K-067.25 | E82: =IFERROR(VLOOKUP(D82,#REF!,6,0),"") | F82: Khổng Quốc Hải | G82: =IFERROR(VLOOKUP(F82,#REF!,2,0),"") | H82: =IFERROR(VLOOKUP(F82,#REF!,3,0),"") | I82: 3030 | J82: =IFERROR(VLOOKUP(I82,#REF!,2,0),"") | K82: 5 | L82: 0.39583333
B83: 45573 | I83: 3020 | J83: =IFERROR(VLOOKUP(I83,#REF!,2,0),"") | K83: 7
B84: 45573 | I84: 3016 | J84: =IFERROR(VLOOKUP(I84,#REF!,2,0),"") | K84: 7
B85: 45573 | I85: 3027 | J85: =IFERROR(VLOOKUP(I85,#REF!,2,0),"") | K85: 8
B86: 45573 | C86: Truck2 | D86: 29G-023.14 | E86: =IFERROR(VLOOKUP(D86,#REF!,6,0),"") | F86: Đầu Xuân Thành | G86: =IFERROR(VLOOKUP(F86,#REF!,2,0),"") | H86: =IFERROR(VLOOKUP(F86,#REF!,3,0),"") | I86: 3002 | J86: =IFERROR(VLOOKUP(I86,#REF!,2,0),"") | K86: 8 | L86: 0.41666667
B87: 45573 | I87: 3015 | J87: =IFERROR(VLOOKUP(I87,#REF!,2,0),"") | K87: 5
B88: 45573 | C88: Truck 3 | D88: 29H-737.03 | E88: =IFERROR(VLOOKUP(D88,#REF!,6,0),"") | F88: Phan Lưu Trường | G88: =IFERROR(VLOOKUP(F88,#REF!,2,0),"") | H88: =IFERROR(VLOOKUP(F88,#REF!,3,0),"") | I88: 3032 | J88: =IFERROR(VLOOKUP(I88,#REF!,2,0),"") | K88: 5 | L88: 0.4375
B89: 45573 | I89: 3011 | J89: =IFERROR(VLOOKUP(I89,#REF!,2,0),"") | K89: 5
B90: 45573 | I90: 3003 | J90: =IFERROR(VLOOKUP(I90,#REF!,2,0),"") | K90: 6
B91: 45573 | I91: 3018 | J91: =IFERROR(VLOOKUP(I91,#REF!,2,0),"") | K91: 4
B92: 45573 | C92: Truck 4 | D92: 29G-023.14 | E92: =IFERROR(VLOOKUP(D92,#REF!,6,0),"") | F92: Đầu Xuân Thành | G92: =IFERROR(VLOOKUP(F92,#REF!,2,0),"") | H92: =IFERROR(VLOOKUP(F92,#REF!,3,0),"") | I92: 3014 | J92: =IFERROR(VLOOKUP(I92,#REF!,2,0),"") | K92: 8 | L92: 0.54166667
B93: 45573 | C93: Truck 5 | D93: 29K-067.25 | E93: =IFERROR(VLOOKUP(D93,#REF!,6,0),"") | F93: Khổng Quốc Hải | G93: =IFERROR(VLOOKUP(F93,#REF!,2,0),"") | H93: =IFERROR(VLOOKUP(F93,#REF!,3,0),"") | I93: 3005 | J93: =IFERROR(VLOOKUP(I93,#REF!,2,0),"") | K93: 4 | L93: 0.54166667
B94: 45573 | I94: 3013 | J94: =IFERROR(VLOOKUP(I94,#REF!,2,0),"") | K94: 6
B95: 45573 | I95: 3023 | J95: =IFERROR(VLOOKUP(I95,#REF!,2,0),"") | K95: 5
B96: 45573 | I96: 3031 | J96: =IFERROR(VLOOKUP(I96,#REF!,2,0),"") | K96: 5
B97: 45574 | C97: Truck 1 | D97: 29H-737.03 | E97: =IFERROR(VLOOKUP(D97,#REF!,6,0),"") | F97: Phan Lưu Trường | G97: =IFERROR(VLOOKUP(F97,#REF!,2,0),"") | H97: =IFERROR(VLOOKUP(F97,#REF!,3,0),"") | I97: 3030 | J97: =IFERROR(VLOOKUP(I97,#REF!,2,0),"") | K97: 3 | L97: 0.39583333
B98: 45574 | I98: 3020 | J98: =IFERROR(VLOOKUP(I98,#REF!,2,0),"") | K98: 6
B99: 45574 | I99: 3002 | J99: =IFERROR(VLOOKUP(I99,#REF!,2,0),"") | K99: 6
B100: 45574 | I100: 3015 | J100: =IFERROR(VLOOKUP(I100,#REF!,2,0),"") | K100: 6
B101: 45574 | C101: Truck 2 | D101: 29K-067.25 | E101: =IFERROR(VLOOKUP(D101,#REF!,6,0),"") | F101: Khổng Quốc Hải | G101: =IFERROR(VLOOKUP(F101,#REF!,2,0),"") | H101: =IFERROR(VLOOKUP(F101,#REF!,3,0),"") | I101: 3016 | J101: =IFERROR(VLOOKUP(I101,#REF!,2,0),"") | K101: 8 | L101: 0.41666667
...

Sheet T12.2024
B1: Tháng | C1: 45627
C2: =COUNTA(C5:C50) -> 31 | D2: =COUNTA(D5:D50) -> 32
A3: STT | B3: Chức danh | C3: BSX | D3: Họ tên | E3: SĐT | F3: Tải trọng | G3: TLTL | H3: Dự án | I3: =+C1 -> 45627 | J3: =+I3+1 -> 45628 | K3: =+J3+1 -> 45629 | L3: =+K3+1 -> 45630 | M3: =+L3+1 -> 45631 | N3: =+M3+1 -> 45632 | O3: =+N3+1 -> 45633 | P3: =+O3+1 -> 45634 | Q3: =+P3+1 -> 45635 | ... AM3: =+AL3+1 -> 45657 | AN3: Tổng công
I4: =+IF(WEEKDAY(I3)=1, "CN", "T"&WEEKDAY(I3)) -> CN | J4: =+IF(WEEKDAY(J3)=1, "CN", "T"&WEEKDAY(J3)) -> T2 | K4: =+IF(WEEKDAY(K3)=1, "CN", "T"&WEEKDAY(K3)) -> T3 | L4: =+IF(WEEKDAY(L3)=1, "CN", "T"&WEEKDAY(L3)) -> T4 | M4: =+IF(WEEKDAY(M3)=1, "CN", "T"&WEEKDAY(M3)) -> T5 | N4: =+IF(WEEKDAY(N3)=1, "CN", "T"&WEEKDAY(N3)) -> T6 | O4: =+IF(WEEKDAY(O3)=1, "CN", "T"&WEEKDAY(O3)) -> T7 | P4: =+IF(WEEKDAY(P3)=1, "CN", "T"&WEEKDAY(P3)) -> CN | ... AM4: =+IF(WEEKDAY(AM3)=1, "CN", "T"&WEEKDAY(AM3)) -> T3
A5: =+ROW()-4 -> 1 | B5: Điều hành | D5: Vũ Thị Lâm | E5: 969387616 | I5: O | J5: X | K5: X | L5: X | M5: X | N5: X | O5: X | P5: O | Q5: X | R5: X | S5: X | T5: X | U5: X | V5: X | W5: O | X5: X | Y5: X | Z5: X | AA5: X | AB5: X | AC5: X | AD5: O | AE5: X | AF5: X | AG5: X | AH5: X | AI5: X | AJ5: O | AK5: O | AL5: X | AM5: X | AN5: =COUNTA(I5:AM5)-COUNTIF(I5:AM5,$AP$8)-COUNTIF(I5:AM5,$AP$9)-COUNTIF(I5:AM5,$AP$10)-COUNTIF(I5:AM5,$AP$18)/2 -> 25
A6: =+ROW()-4 -> 2 | B6: QLPT | D6: Nguyễn Thành Hưng | E6: 915008283 | I6: O | J6: X | K6: X | L6: X | M6: X | N6: X | O6: X | P6: O | Q6: X | R6: X | S6: X | T6: X | U6: X | V6: X | W6: O | X6: X | Y6: X | Z6: X | AA6: X | AB6: X | AC6: X | AD6: O | AE6: X | AF6: X | AG6: X | AH6: X | AI6: X | AJ6: X | AK6: O | AL6: X | AM6: X | AN6: =COUNTA(I6:AM6)-COUNTIF(I6:AM6,$AP$8)-COUNTIF(I6:AM6,$AP$9)-COUNTIF(I6:AM6,$AP$10)-COUNTIF(I6:AM6,$AP$18)/2 -> 26
A7: =+ROW()-4 -> 3 | B7: Điều hành | D7: Phan Mạnh Tân | E7: 827264994 | I7: O | J7: X | K7: X | L7: X | M7: X | N7: X | O7: X | P7: O | Q7: X | R7: X | S7: X | T7: X | U7: X | V7: X | W7: O | X7: X | Y7: X | Z7: X | AA7: X | AB7: X | AC7: X | AD7: O | AE7: X | AF7: X | AG7: X | AH7: X | AI7: X | AJ7: O | AK7: O | AL7: O | AM7: O | AN7: =COUNTA(I7:AM7)-COUNTIF(I7:AM7,$AP$8)-COUNTIF(I7:AM7,$AP$9)-COUNTIF(I7:AM7,$AP$10)-COUNTIF(I7:AM7,$AP$18)/2 -> 23
A8: =+ROW()-4 -> 4 | B8: Điều hành | D8: Đặng Thanh Tuyền | E8: 972264311 | L8: X | M8: X | N8: X | O8: X | P8: O | Q8: X | R8: X | S8: X | T8: X | U8: X | V8: X | W8: O | X8: X | Y8: X | Z8: X | AA8: X | AB8: X | AC8: X | AD8: O | AE8: X | AF8: X | AG8: X | AH8: X | AI8: X | AJ8: X | AK8: O | AL8: X | AM8: X | AN8: =COUNTA(I8:AM8)-COUNTIF(I8:AM8,$AP$8)-COUNTIF(I8:AM8,$AP$9)-COUNTIF(I8:AM8,$AP$10)-COUNTIF(I8:AM8,$AP$18)/2 -> 24 | AP8: O | AQ8: Xin nghỉ - cắt nghỉ
A9: =+ROW()-4 -> 5 | B9: Lái xe tuyến | C9: 29H-743.40 | D9: Nguyễn Xuân Thế | E9: 387151811 | F9: 1.9 | H9: NB | I9: O | J9: NN | K9: X | L9: X | M9: X | N9: X | O9: X | P9: X | Q9: X | R9: X | S9: X | T9: X | U9: X | V9: O | W9: X | X9: X | Y9: X | Z9: X | AA9: X | AB9: X | AC9: X | AD9: X | AE9: X | AF9: X | AG9: X | AH9: X | AI9: X | AJ9: X | AK9: X | AL9: X | AM9: X | AN9: =COUNTA(I9:AM9)-COUNTIF(I9:AM9,$AP$8)-COUNTIF(I9:AM9,$AP$9)-COUNTIF(I9:AM9,$AP$10)-COUNTIF(I9:AM9,$AP$18)/2 -> 28.5 | AP9: ĐC | AQ9: Đình chỉ
A10: =+ROW()-4 -> 6 | B10: Lái xe tuyến | C10: 29H-849.91 | D10: Nhâm Văn Cương | E10: 978286576 | F10: 3.5 | H10: TB-NĐ | I10: X | J10: X | K10: X | L10: X | M10: X | N10: X | O10: X | P10: X | Q10: X | R10: X | S10: X | T10: X | U10: X | V10: X | W10: O | X10: X | Y10: X | Z10: X | AA10: X | AB10: X | AC10: X | AD10: X | AE10: X | AF10: X | AG10: X | AH10: X | AI10: X | AJ10: X | AK10: X | AL10: X | AM10: X | AN10: =COUNTA(I10:AM10)-COUNTIF(I10:AM10,$AP$8)-COUNTIF(I10:AM10,$AP$9)-COUNTIF(I10:AM10,$AP$10)-COUNTIF(I10:AM10,$AP$18)/2 -> 30 | AP10: OF | AQ10: Nghỉ việc
A11: =+ROW()-4 -> 7 | B11: LX dự án | C11: 29H-737.03 | D11: Nguyễn Minh Hiếu | E11: 886884883 | F11: 2.5 | H11: AEON | I11: O | J11: X | K11: X | L11: X | M11: X | N11: X | O11: X | P11: O | Q11: X | R11: X | S11: X | T11: X | U11: X | V11: X | W11: O | X11: X | Y11: X | Z11: X | AA11: X | AB11: X | AC11: X | AD11: O | AE11: X | AF11: X | AG11: X | AH11: X | AI11: X | AJ11: X | AK11: O | AL11: X | AM11: X | AN11: =COUNTA(I11:AM11)-COUNTIF(I11:AM11,$AP$8)-COUNTIF(I11:AM11,$AP$9)-COUNTIF(I11:AM11,$AP$10)-COUNTIF(I11:AM11,$AP$18)/2 -> 26 | AP11: X | AQ11: Chạy xe cả ngày
A12: =+ROW()-4 -> 8 | B12: LX dự án | C12: 29K-067.25 | D12: Nguyễn Văn Lực | E12: 966353312 | F12: 3.5 | H12: AEON | I12: O | J12: X | K12: X | L12: X | M12: O | N12: O | O12: X | P12: O | Q12: X | R12: X | S12: O | T12: X | U12: X | V12: O | W12: O | X12: X | Y12: X | Z12: X | AA12: X | AB12: X | AC12: X | AD12: O | AE12: X | AF12: X | AG12: O | AH12: O | AI12: X | AJ12: X | AK12: O | AL12: X | AM12: X | AN12: =COUNTA(I12:AM12)-COUNTIF(I12:AM12,$AP$8)-COUNTIF(I12:AM12,$AP$9)-COUNTIF(I12:AM12,$AP$10)-COUNTIF(I12:AM12,$AP$18)/2 -> 20 | AP12: TL | AQ12: Thuốc lá
A13: 11 | B13: LX dự án | C13: 29H-464.01 | D13: Nguyễn Hữu Tùng | E13: 913500445 | F13: 2.5 | H13: AEON | Y13: X | Z13: X | AA13: X | AB13: X | AC13: X | AD13: O | AE13: X | AF13: X | AG13: X | AH13: X | AI13: X | AJ13: X | AK13: O | AL13: X | AM13: X | AP13: HC | AQ13: Hóa chất
A14: =+ROW()-4 -> 10 | B14: Bốc xếp | D14: Trần Thị Thu Khanh | E14: 971929815 | H14: AEON | I14: O | J14: X | K14: X | L14: X | M14: X | N14: X | O14: X | P14: O | Q14: X | R14: X | S14: X | T14: X | U14: X | V14: X | W14: O | X14: X | Y14: X | Z14: X | AA14: X | AB14: X | AC14: X | AD14: O | AE14: X | AF14: X | AG14: X | AH14: X | AI14: X | AJ14: X | AK14: O | AL14: X | AM14: X | AN14: =COUNTA(I14:AM14)-COUNTIF(I14:AM14,$AP$8)-COUNTIF(I14:AM14,$AP$9)-COUNTIF(I14:AM14,$AP$10)-COUNTIF(I14:AM14,$AP$18)/2 -> 26 | AP14: TT | AQ14: Từ thiện
A15: =+ROW()-4 -> 11 | B15: Bốc xếp | D15: Lưu Văn Cường | E15: 333479454 | H15: AEON | Q15: X | R15: X | S15: X | T15: X | U15: X | V15: X | W15: O | X15: X | Y15: X | Z15: X | AA15: X | AB15: X | AC15: X | AD15: O | AE15: X | AF15: X | AG15: X | AH15: X | AI15: X | AJ15: X | AK15: O | AL15: X | AM15: X | AN15: =COUNTA(I15:AM15)-COUNTIF(I15:AM15,$AP$8)-COUNTIF(I15:AM15,$AP$9)-COUNTIF(I15:AM15,$AP$10)-COUNTIF(I15:AM15,$AP$18)/2 -> 20 | AP15: TN | AQ15: Thống Nhất
A16: =+ROW()-4 -> 12 | B16: LX dự án | C16: 29K-067.11 | D16: Phan Lưu Trường | E16: 326522825 | F16: 5.5 | G16: 370 | H16: TLTL | I16: O | J16: Aeon | K16: X | L16: TL | M16: TL | N16: TL | O16: TL | P16: O | Q16: vigo | R16: aeon | S16: TL | T16: TL | U16: TL | V16: aeon | W16: O | X16: aeon | Y16: X | Z16: X | AA16: vigo | AB16: TL | AC16: X | AD16: O | AE16: aeon | AF16: TL | AG16: TL | AH16: TL | AI16: TL | AJ16: TL | AK16: TL | AL16: X | AM16: X | AN16: =COUNTA(I16:AM16)-COUNTIF(I16:AM16,$AP$8)-COUNTIF(I16:AM16,$AP$9)-COUNTIF(I16:AM16,$AP$10)-COUNTIF(I16:AM16,$AP$18)/2 -> 27 | AP16: CT | AQ16: Chạy tuyến
A17: =+ROW()-4 -> 13 | B17: LX dự án | C17: 29G-023.11 | D17: Phạm Văn Hải A | E17: 964343887 | F17: 6.5 | G17: 440 | H17: TLTL | I17: O | J17: X | K17: TL | L17: TL | M17: TL.dm | N17: TL | O17: TL | P17: O | Q17: X | R17: vinaf | S17: TL | T17: TL | U17: TL | V17: TL | W17: O | X17: TL | Y17: TL | Z17: TL | AA17: TL | AB17: TL | AC17: TC | AD17: TL | AE17: X | AF17: TL | AG17: TL | AH17: TL | AI17: X | AJ17: TL | AK17: TL | AL17: X | AM17: X | AN17: =COUNTA(I17:AM17)-COUNTIF(I17:AM17,$AP$8)-COUNTIF(I17:AM17,$AP$9)-COUNTIF(I17:AM17,$AP$10)-COUNTIF(I17:AM17,$AP$18)/2 -> 28 | AP17: HTP | AQ17: Hưng Toàn Phát
A18: =+ROW()-4 -> 14 | B18: LX dự án | C18: 29G-023.20 | D18: Lê Mạnh Cường | E18: 923453896 | F18: 6.5 | G18: 440 | H18: TLTL | I18: X | J18: Aeon | K18: TL | L18: TL | M18: TL | N18: TL | O18: CPN | P18: vinaf | Q18: aeon | R18: TL | S18: TL | T18: TL | U18: TL | V18: cpn | W18: cpn | X18: X | Y18: O | Z18: O | AA18: O | AB18: TC | AC18: TL | AD18: O | AE18: X | AF18: cpn | AG18: TL | AH18: _x001D_TL | AI18: dm | AJ18: dm | AK18: X | AL18: X | AM18: X | AN18: =COUNTA(I18:AM18)-COUNTIF(I18:AM18,$AP$8)-COUNTIF(I18:AM18,$AP$9)-COUNTIF(I18:AM18,$AP$10)-COUNTIF(I18:AM18,$AP$18)/2 -> 27 | AP18: NN | AQ18: Nửa ngày
A19: =+ROW()-4 -> 15 | B19: LX dự án | C19: 29G-023.19 | D19: Nguyễn Trọng Tấn | E19: 967884730 | F19: 6.5 | G19: 440 | H19: TLTL | I19: O | J19: X | K19: TL | L19: TL | M19: TL | N19: TL | O19: TL | P19: O | Q19: aeon | R19: TL | S19: TL | T19: TL | U19: TL | V19: O | W19: O | X19: X | Y19: TL | Z19: TL | AA19: TL | AB19: X | AC19: TC | AD19: TL | AE19: X | AF19: TL | AG19: TL | AH19: TL | AI19: TL | AJ19: X | AK19: X | AL19: X | AM19: X | AN19: =COUNTA(I19:AM19)-COUNTIF(I19:AM19,$AP$8)-COUNTIF(I19:AM19,$AP$9)-COUNTIF(I19:AM19,$AP$10)-COUNTIF(I19:AM19,$AP$18)/2 -> 27
A20: =+ROW()-4 -> 16 | B20: LX dự án | C20: 29B-189.64 | D20: Lê Công Vinh | E20: 949502669 | F20: 6.5 | G20: 440 | H20: TLTL | I20: O | J20: X | K20: TL | L20: TL | M20: aeon | N20: TL | O20: TL | P20: O | Q20: TL | R20: TL | S20: TL | T20: dm | U20: dm | V20: TL | W20: O | X20: TL | Y20: TL | Z20: TL | AA20: TL | AB20: X | AC20: TC | AD20: TL | AE20: O | AF20: TL | AG20: TL | AH20: O | AI20: X | AJ20: TL | AK20: TL | AL20: TL | AM20: X | AN20: =COUNTA(I20:AM20)-COUNTIF(I20:AM20,$AP$8)-COUNTIF(I20:AM20,$AP$9)-COUNTIF(I20:AM20,$AP$10)-COUNTIF(I20:AM20,$AP$18)/2 -> 26
A21: =+ROW()-4 -> 17 | B21: LX dự án | C21: 29G-023.25 | D21: Mai Văn Long | E21: 971106882 | F21: 8 | G21: 700 | H21: TLTL | I21: CPN | J21: X | K21: X | L21: TL | M21: TL | N21: TL | O21: vigo | P21: O | Q21: X | R21: dm | S21: TL | T21: anviet | U21: anviet | V21: TL | W21: O | X21: ps | Y21: TL | Z21: TL | AA21: đm | AB21: TL | AC21: O | AD21: TC | AE21: TL | AF21: TL | AG21: TL | AH21: TL | AI21: TL | AJ21: TL | AK21: TL | AL21: X | AM21: vigo | AN21: =COUNTA(I21:AM21)-COUNTIF(I21:AM21,$AP$8)-COUNTIF(I21:AM21,$AP$9)-COUNTIF(I21:AM21,$AP$10)-COUNTIF(I21:AM21,$AP$18)/2 -> 28
A22: =+ROW()-4 -> 18 | B22: LX dự án | C22: 29K-063.74 | D22: Lê Văn Giang | E22: 961571433 | F22: 8 | G22: 700 | H22: TLTL | I22: O | J22: X | K22: X | L22: TL | M22: TL | N22: TL | O22: TL | P22: O | Q22: X | R22: TL | S22: TL | T22: anviet | U22: anviet | V22: TL | W22: O | X22: X | Y22: TL | Z22: TL | AA22: TL | AB22: huế | AC22: huế | AD22: O | AE22: X | AF22: TL | AG22: TL | AH22: TL | AI22: TL | AJ22: TL | AK22: X | AL22: X | AM22: X | AN22: =COUNTA(I22:AM22)-COUNTIF(I22:AM22,$AP$8)-COUNTIF(I22:AM22,$AP$9)-COUNTIF(I22:AM22,$AP$10)-COUNTIF(I22:AM22,$AP$18)/2 -> 27
A23: =+ROW()-4 -> 19 | B23: LX dự án | C23: 29K-069.35 | D23: Phan Trung Thành | E23: 981636699 | F23: 8 | G23: 700 | I23: O | J23: X | K23: X | L23: TL | M23: vinaf | N23: TL | O23: TL | P23: vinaf | Q23: X | R23: TT | S23: TT | T23: dm | U23: TL | V23: O | W23: O | X23: X | Y23: X | Z23: TL | AA23: TL | AB23: X | AC23: VTL | AD23: VTL | AE23: VTL | AF23: VTL | AG23: VTL | AH23: O | AI23: O | AJ23: O | AK23: O | AL23: O | AM23: O | AN23: =COUNTA(I23:AM23)-COUNTIF(I23:AM23,$AP$8)-COUNTIF(I23:AM23,$AP$9)-COUNTIF(I23:AM23,$AP$10)-COUNTIF(I23:AM23,$AP$18)/2 -> 22
A24: =+ROW()-4 -> 20 | B24: LX dự án | D24: Nguyễn Xuân Nam | E24: 776874999 | F24: 8 | U24: vinafco | V24: X | W24: O | X24: X | Y24: TL | Z24: TL | AA24: TL | AB24: X | AC24: VTL | AD24: VTL | AE24: VTL | AF24: VTL | AG24: VTL | AH24: O | AI24: O | AJ24: O | AK24: O | AL24: O | AM24: O | AN24: =COUNTA(I24:AM24)-COUNTIF(I24:AM24,$AP$8)-COUNTIF(I24:AM24,$AP$9)-COUNTIF(I24:AM24,$AP$10)-COUNTIF(I24:AM24,$AP$18)/2 -> 12
A25: =+ROW()-4 -> 21 | B25: LX dự án | C25: 29K-068.20 | D25: Nguyễn Văn Sang | E25: 969820625 | F25: 8 | G25: 730 | M25: hoc viec | N25: TL | O25: TL | P25: O | Q25: vinaf | R25: O | S25: TL | T25: dm | U25: anviet | V25: anviet | W25: TL | X25: TL | Y25: X | Z25: TL | AA25: TL | AB25: TC | AC25: TL | AD25: O | AE25: X | AF25: X | AG25: TL | AH25: TL | AI25: hc | AJ25: hc | AK25: X | AL25: X | AM25: X | AN25: =COUNTA(I25:AM25)-COUNTIF(I25:AM25,$AP$8)-COUNTIF(I25:AM25,$AP$9)-COUNTIF(I25:AM25,$AP$10)-COUNTIF(I25:AM25,$AP$18)/2 -> 24
A26: =+ROW()-4 -> 22 | B26: LX dự án | D26: Lê Đức Bách | E26: 989852112 | F26: 8 | Z26: X | AA26: O | AB26: O | AC26: O | AD26: VTL | AE26: VTL | AF26: VTL | AG26: VTL | AH26: VTL | AI26: TL | AJ26: X | AK26: X | AL26: X | AM26: X | AN26: =COUNTA(I26:AM26)-COUNTIF(I26:AM26,$AP$8)-COUNTIF(I26:AM26,$AP$9)-COUNTIF(I26:AM26,$AP$10)-COUNTIF(I26:AM26,$AP$18)/2 -> 11
A27: =+ROW()-4 -> 23 | B27: LX dự án | C27: 29G-023.49 | D27: Hoàng Minh Thịnh | E27: 989118712 | F27: 8 | G27: 700 | R27: TL | S27: TL | T27: TL | U27: TL | V27: anviet | W27: anviet | X27: O | Y27: O | Z27: O | AA27: TL | AB27: TL | AC27: TL | AD27: VTL | AE27: VTL | AF27: VTL | AG27: VTL | AH27: VTL | AI27: TL | AJ27: TL | AK27: X | AL27: X | AM27: X | AN27: =COUNTA(I27:AM27)-COUNTIF(I27:AM27,$AP$8)-COUNTIF(I27:AM27,$AP$9)-COUNTIF(I27:AM27,$AP$10)-COUNTIF(I27:AM27,$AP$18)/2 -> 19
A28: =+ROW()-4 -> 24 | B28: LX dự án | C28: 29K-068.24 | D28: Nguyễn Văn Anh | E28: 974072826 | F28: 8 | G28: 730 | I28: X | J28: X | K28: X | L28: TL | M28: TL | N28: TL | O28: dm | P28: O | Q28: X | R28: TL | S28: dm | T28: TL | U28: TL | V28: anviet | W28: anviet | X28: X | Y28: X | Z28: TL | AA28: TL | AB28: TL | AC28: X | AD28: TL | AE28: TL | AF28: TL | AG28: TL | AH28: FTG | AI28: FTG | AJ28: FTG | AK28: FTG | AL28: FTG | AM28: FTG | AN28: =COUNTA(I28:AM28)-COUNTIF(I28:AM28,$AP$8)-COUNTIF(I28:AM28,$AP$9)-COUNTIF(I28:AM28,$AP$10)-COUNTIF(I28:AM28,$AP$18)/2 -> 30
A29: =+ROW()-4 -> 25 | B29: LX dự án | D29: Phạm Văn Hải B | E29: 379427150 | F29: 8 | AG29: X | AH29: FTG | AI29: FTG | AJ29: FTG | AK29: FTG | AL29: FTG | AM29: FTG | AN29: =COUNTA(I29:AM29)-COUNTIF(I29:AM29,$AP$8)-COUNTIF(I29:AM29,$AP$9)-COUNTIF(I29:AM29,$AP$10)-COUNTIF(I29:AM29,$AP$18)/2 -> 7
A30: =+ROW()-4 -> 26 | B30: LX dự án | C30: 29K-079.24 | D30: Trần Xuân Trường | E30: 974392325 | F30: 15 | G30: 650 | I30: X | J30: X | K30: X | L30: TL | M30: dm | N30: TL | O30: X | P30: O | Q30: X | R30: TL | S30: đm, TL | T30: TL | U30: anviet | V30: anviet | W30: TL | X30: TL | Y30: TL | Z30: O | AA30: O | AB30: O | AC30: O | AD30: O | AE30: X | AF30: TL | AG30: huế | AH30: huế | AI30: TL | AJ30: TL | AK30: X | AL30: X | AM30: X | AN30: =COUNTA(I30:AM30)-COUNTIF(I30:AM30,$AP$8)-COUNTIF(I30:AM30,$AP$9)-COUNTIF(I30:AM30,$AP$10)-COUNTIF(I30:AM30,$AP$18)/2 -> 25
A31: =+ROW()-4 -> 27 | B31: LX dự án | D31: Nguyễn Đức Thiên | E31: 974172336 | S31: aeon | T31: X | U31: vinafco | V31: TL | W31: X | X31: X | Y31: ps | Z31: O | AA31: O | AB31: O | AC31: O | AD31: X | AE31: X | AF31: TL | AG31: TL | AH31: TL | AI31: TL | AJ31: TL | AK31: TL | AL31: TL | AM31: X | AN31: =COUNTA(I31:AM31)-COUNTIF(I31:AM31,$AP$8)-COUNTIF(I31:AM31,$AP$9)-COUNTIF(I31:AM31,$AP$10)-COUNTIF(I31:AM31,$AP$18)/2 -> 17
A32: =+ROW()-4 -> 28 | B32: LX parttime | D32: Trần Trọng Văn | E32: 971162102 | H32: VINAFCO | N32: X | O32: X
A33: =+ROW()-4 -> 29 | B33: LX Limo | D33: Nguyễn Thanh Xuân | E33: 989789208 | H33: YB - PT | L33: X
A34: =+ROW()-4 -> 30 | B34: LX Limo | D34: Phạm Công Khánh | E34: 917078878 | H34: YB | T34: X
A35: =+ROW()-4 -> 31 | B35: LX dự án | D35: Nguyễn Văn Sang TB | E35: 966030118 | H35: VINAFCO | O35: aeon | P35: X | Q35: X | R35: X | S35: OF | AN35: =COUNTA(I35:AM35)-COUNTIF(I35:AM35,$AP$8)-COUNTIF(I35:AM35,$AP$9)-COUNTIF(I35:AM35,$AP$10)-COUNTIF(I35:AM35,$AP$18)/2 -> 4
A36: =+ROW()-4 -> 32 | B36: LX dự án | D36: Chu Lê Tân | E36: 398232148 | F36: 1.5 | H36: AEON | I36: O | J36: X | K36: X | L36: X | M36: X | N36: X | O36: O | P36: O | Q36: X | R36: NN | S36: NN | T36: OF | AN36: =COUNTA(I36:AM36)-COUNTIF(I36:AM36,$AP$8)-COUNTIF(I36:AM36,$AP$9)-COUNTIF(I36:AM36,$AP$10)-COUNTIF(I36:AM36,$AP$18)/2 -> 7
A37: =+ROW()-4 -> 33 | C37: 29K-139.05 | F37: 8 | G37: 730
A38: =+ROW()-4 -> 34 | C38: 29K-134.59 | F38: 8 | G38: 730
A39: =+ROW()-4 -> 35 | C39: 29K-136.97 | F39: 8 bạt | G39: 650
A40: =+ROW()-4 -> 36 | C40: 29K-137.42 | F40: 8 bạt | G40: 650
A41: =+ROW()-4 -> 37 | C41: 29K-137.54 | F41: 8 bạt | G41: 650 | U41: 6
A42: =+ROW()-4 -> 38 | C42: 29K-135.11 | F42: 2.5
A43: =+ROW()-4 -> 39 | C43: 29K-135.82 | F43: 2.5
A44: =+ROW()-4 -> 40 | C44: 29G-023.14 | F44: 1.5 | H44: Xe đi SG
A45: =+ROW()-4 -> 41 | C45: 29G-023.46 | F45: 1.5
A46: =+ROW()-4 -> 42 | C46: 29G-023.30 | F46: 1.5
A47: =+ROW()-4 -> 43 | C47: 29LD-305.39 | F47: 1.5
A48: =+ROW()-4 -> 44 | C48: 29K-069.49 | F48: 2.5 | H48: Xe lạnh
A49: =+ROW()-4 -> 45 | C49: 29K-068.57 | F49: 2.5 | H49: Xe lạnh
A50: =+ROW()-4 -> 46 | C50: 29K-065.72 | F50: 2.5 | H50: Xe lạnh

Sheet TLTL 122024
A1: Mai Long TN | B1: Tên NPP | C1: Tỉnh | D1: QO (bao) | E1: NT (bao) | F1: BS (bao) | G1: Thanh Hoá | H1: Tổng bao | I1: Quốc Oai (T) | J1: Nguyễn Trãi (T) | K1: BS (T) | L1: Thanh Hoá | M1: Tổng Thùng | N1: Biển số xe | O1: Lái xe | P1: SĐT | Q1: Thương Mại
A2: 45622 | B2: Trường Sơn TN | C2: =RIGHT(B2,2) -> TN | E2: 15000 | F2: =310000 -> 310000 | H2: =F2+E2+D2 -> 325000 | I2: =ROUNDUP(D2/500,0) -> 0 | J2: =ROUNDUP(E2/500,0) -> 30 | K2: =ROUNDUP(F2/500,0) -> 620 | M2: =K2+J2+I2 -> 650 | N2: 29G-023.49 | O2: Nguyễn Trọng Tấn | P2: 967884730
A3: 45622 | B3: Trường Sơn TN | C3: =RIGHT(B3,2) -> TN | D3: 5000 | E3: 30000 | H3: =F3+E3+D3 -> 35000 | I3: =ROUNDUP(D3/500,0) -> 10 | J3: =ROUNDUP(E3/500,0) -> 60 | K3: =ROUNDUP(F3/500,0) -> 0 | M3: =K3+J3+I3 -> 70 | N3: 29K-069.35 | O3: Phan Trung Thành | P3: 981636699
A4: 45622 | B4: Mai Long TN | C4: =RIGHT(B4,2) -> TN | D4: 45000 | H4: =F4+E4+D4 -> 45000 | I4: =ROUNDUP(D4/500,0) -> 90 | J4: =ROUNDUP(E4/500,0) -> 0 | K4: =ROUNDUP(F4/500,0) -> 0 | M4: =K4+J4+I4 -> 90
A5: 45622 | B5: Phúc Lộc TN | C5: =RIGHT(B5,2) -> TN | D5: 12500 | F5: 53500 | H5: =F5+E5+D5 -> 66000 | I5: =ROUNDUP(D5/500,0) -> 25 | J5: =ROUNDUP(E5/500,0) -> 0 | K5: =ROUNDUP(F5/500,0) -> 107 | M5: =K5+J5+I5 -> 132
A6: 45622 | B6: Ngọc hùng BK | C6: =RIGHT(B6,2) -> BK | D6: 41500 | H6: =F6+E6+D6 -> 41500 | I6: =ROUNDUP(D6/500,0) -> 83 | J6: =ROUNDUP(E6/500,0) -> 0 | K6: =ROUNDUP(F6/500,0) -> 0 | M6: =K6+J6+I6 -> 83
A7: 45622 | B7: Lê văn Oai CB | C7: =RIGHT(B7,2) -> CB | D7: 2500 | E7: 87500 | H7: =F7+E7+D7 -> 90000 | I7: =ROUNDUP(D7/500,0) -> 5 | J7: =ROUNDUP(E7/500,0) -> 175 | K7: =ROUNDUP(F7/500,0) -> 0 | M7: =K7+J7+I7 -> 180
A8: 45622 | B8: Tổng Hợp CB | C8: =RIGHT(B8,2) -> CB | D8: 5500 | E8: 60000 | H8: =F8+E8+D8 -> 65500 | I8: =ROUNDUP(D8/500,0) -> 11 | J8: =ROUNDUP(E8/500,0) -> 120 | K8: =ROUNDUP(F8/500,0) -> 0 | M8: =K8+J8+I8 -> 131
A9: 45622 | B9: Trung chuyển QO NT | C9: =RIGHT(B9,2) -> NT | D9: 200000 | H9: =F9+E9+D9 -> 200000 | I9: =ROUNDUP(D9/500,0) -> 400 | J9: =ROUNDUP(E9/500,0) -> 0 | K9: =ROUNDUP(F9/500,0) -> 0 | M9: =K9+J9+I9 -> 400 | N9: 29G-023.11 | O9: Nguyễn Văn Anh | P9: 974072826
A10: 45623 | B10: quốc đạt ST | C10: =RIGHT(B10,2) -> ST | E10: 110000 | H10: =F10+E10+D10 -> 110000 | I10: =ROUNDUP(D10/500,0) -> 0 | J10: =ROUNDUP(E10/500,0) -> 220 | K10: =ROUNDUP(F10/500,0) -> 0 | M10: =K10+J10+I10 -> 220 | N10: 29G-023.49 | O10: Nguyễn Trọng Tấn | P10: 967884730
A11: 45623 | B11: Anh tuấn ST | C11: =RIGHT(B11,2) -> ST | D11: 8000 | E11: 137000 | H11: =F11+E11+D11 -> 145000 | I11: =ROUNDUP(D11/500,0) -> 16 | J11: =ROUNDUP(E11/500,0) -> 274 | K11: =ROUNDUP(F11/500,0) -> 0 | M11: =K11+J11+I11 -> 290
A12: 45623 | B12: Nam Sơn ND | C12: =RIGHT(B12,2) -> ND | D12: 28500 | H12: =F12+E12+D12 -> 28500 | I12: =ROUNDUP(D12/500,0) -> 57 | J12: =ROUNDUP(E12/500,0) -> 0 | K12: =ROUNDUP(F12/500,0) -> 0 | M12: =K12+J12+I12 -> 57 | N12: 29B-189.64 | O12: Lê Công Vinh | P12: 949502669
A13: 45623 | B13: Ngọc Phượng ND | C13: =RIGHT(B13,2) -> ND | D13: 19000 | H13: =F13+E13+D13 -> 19000 | I13: =ROUNDUP(D13/500,0) -> 38 | J13: =ROUNDUP(E13/500,0) -> 0 | K13: =ROUNDUP(F13/500,0) -> 0 | M13: =K13+J13+I13 -> 38
A14: 45623 | B14: Gia Phan ND | C14: =RIGHT(B14,2) -> ND | E14: 150000 | H14: =F14+E14+D14 -> 150000 | I14: =ROUNDUP(D14/500,0) -> 0 | J14: =ROUNDUP(E14/500,0) -> 300 | K14: =ROUNDUP(F14/500,0) -> 0 | M14: =K14+J14+I14 -> 300
A15: 45623 | B15: Gia Phan ND | C15: =RIGHT(B15,2) -> ND | E15: =407600-E14 -> 257600 | F15: 52500 | H15: =F15+E15+D15 -> 310100 | I15: =ROUNDUP(D15/500,0) -> 0 | J15: =ROUNDUP(E15/500,0) -> 516 | K15: =ROUNDUP(F15/500,0) -> 105 | M15: =K15+J15+I15 -> 621 | N15: 29K-063.74 | O15: Lê Văn Giang | P15: 961571433
A16: 45623 | B16: Lan Anh BN | C16: =RIGHT(B16,2) -> BN | D16: 6500 | E16: 287000 | H16: =F16+E16+D16 -> 293500 | I16: =ROUNDUP(D16/500,0) -> 13 | J16: =ROUNDUP(E16/500,0) -> 574 | K16: =ROUNDUP(F16/500,0) -> 0 | M16: =K16+J16+I16 -> 587 | N16: 29K-079.24 | O16: Trần Xuân Trường | P16: 974392325
A17: 45623 | B17: Chiến Nga BG | C17: =RIGHT(B17,2) -> BG | D17: 20000 | E17: 67500 | H17: =F17+E17+D17 -> 87500 | I17: =ROUNDUP(D17/500,0) -> 40 | J17: =ROUNDUP(E17/500,0) -> 135 | K17: =ROUNDUP(F17/500,0) -> 0 | M17: =K17+J17+I17 -> 175 | N17: 29G-023.19 | O17: Nguyễn Văn Anh | P17: 974072826
A18: 45623 | B18: Long Hà BG | C18: =RIGHT(B18,2) -> BG | E18: 69000 | H18: =F18+E18+D18 -> 69000 | I18: =ROUNDUP(D18/500,0) -> 0 | J18: =ROUNDUP(E18/500,0) -> 138 | K18: =ROUNDUP(F18/500,0) -> 0 | M18: =K18+J18+I18 -> 138
A19: 45623 | B19: Chiến Nhã BN | C19: =RIGHT(B19,2) -> BN | E19: 52100 | H19: =F19+E19+D19 -> 52100 | I19: =ROUNDUP(D19/500,0) -> 0 | J19: =ROUNDUP(E19/500,0) -> 105 | K19: =ROUNDUP(F19/500,0) -> 0 | M19: =K19+J19+I19 -> 105
A20: 45624 | B20: Khánh hoà HG | C20: =RIGHT(B20,2) -> HG | D20: 54400 | H20: =F20+E20+D20 -> 54400 | I20: =ROUNDUP(D20/500,0) -> 109 | J20: =ROUNDUP(E20/500,0) -> 0 | K20: =ROUNDUP(F20/500,0) -> 0 | M20: =K20+J20+I20 -> 109 | N20: 29K-079.24 | O20: Trần Xuân Trường | P20: 974392325
A21: 45624 | B21: Thái Dương VP | C21: =RIGHT(B21,2) -> VP | E21: 85000 | H21: =F21+E21+D21 -> 85000 | I21: =ROUNDUP(D21/500,0) -> 0 | J21: =ROUNDUP(E21/500,0) -> 170 | K21: =ROUNDUP(F21/500,0) -> 0 | M21: =K21+J21+I21 -> 170
A22: 45624 | B22: Tùng linh TQ | C22: =RIGHT(B22,2) -> TQ | D22: 9800 | E22: 80000 | H22: =F22+E22+D22 -> 89800 | I22: =ROUNDUP(D22/500,0) -> 20 | J22: =ROUNDUP(E22/500,0) -> 160 | K22: =ROUNDUP(F22/500,0) -> 0 | M22: =K22+J22+I22 -> 180
A23: 45624 | B23: Bình Phương QTri | C23: =RIGHT(B23,2) -> ri | D23: 27500 | E23: 73500 | H23: =F23+E23+D23 -> 101000 | I23: =ROUNDUP(D23/500,0) -> 55 | J23: =ROUNDUP(E23/500,0) -> 147 | K23: =ROUNDUP(F23/500,0) -> 0 | M23: =K23+J23+I23 -> 202 | N23: 29G-023.11 | O23: Phạm Văn Hải | P23: 964343887
A24: 45624 | B24: Hoàng Gia Lộc Huế | C24: =RIGHT(B24,2) -> uế | D24: 10000 | E24: 55000 | H24: =F24+E24+D24 -> 65000 | I24: =ROUNDUP(D24/500,0) -> 20 | J24: =ROUNDUP(E24/500,0) -> 110 | K24: =ROUNDUP(F24/500,0) -> 0 | M24: =K24+J24+I24 -> 130
A25: 45624 | B25: hoàng Quân Vinh | C25: =RIGHT(B25,2) -> h | E25: 60300 | H25: =F25+E25+D25 -> 60300 | I25: =ROUNDUP(D25/500,0) -> 0 | J25: =ROUNDUP(E25/500,0) -> 121 | K25: =ROUNDUP(F25/500,0) -> 0 | M25: =K25+J25+I25 -> 121
A26: 45624 | B26: Hưng Thịnh BK | C26: =RIGHT(B26,2) -> BK | E26: 25000 | H26: =F26+E26+D26 -> 25000 | I26: =ROUNDUP(D26/500,0) -> 0 | J26: =ROUNDUP(E26/500,0) -> 50 | K26: =ROUNDUP(F26/500,0) -> 0 | M26: =K26+J26+I26 -> 50 | N26: 29K-069.35 | O26: Phan Trung Thành | P26: 981636699
A27: 45624 | B27: Thanh Tùng TN | C27: =RIGHT(B27,2) -> TN | D27: 4400 | E27: 57500 | H27: =F27+E27+D27 -> 61900 | I27: =ROUNDUP(D27/500,0) -> 9 | J27: =ROUNDUP(E27/500,0) -> 115 | K27: =ROUNDUP(F27/500,0) -> 0 | M27: =K27+J27+I27 -> 124
A28: 45624 | B28: Hồ Cúc CB | C28: =RIGHT(B28,2) -> CB | D28: 8200 | E28: 85500 | H28: =F28+E28+D28 -> 93700 | I28: =ROUNDUP(D28/500,0) -> 17 | J28: =ROUNDUP(E28/500,0) -> 171 | K28: =ROUNDUP(F28/500,0) -> 0 | M28: =K28+J28+I28 -> 188
A29: 45624 | B29: Trường Sơn TN | C29: =RIGHT(B29,2) -> TN | E29: 33100 | F29: =307500 +2000 -> 309500 | H29: =F29+E29+D29 -> 342600 | I29: =ROUNDUP(D29/500,0) -> 0 | J29: =ROUNDUP(E29/500,0) -> 67 | K29: =ROUNDUP(F29/500,0) -> 619 | M29: =K29+J29+I29 -> 686 | N29: 29G-023.25 | O29: Mai Văn Long | P29: 971106882 | Q29: Thương Mại | R29: Long
A30: 45624 | B30: Nguyệt Hằng HP | C30: =RIGHT(B30,2) -> HP | D30: =89100+3000 -> 92100 | H30: =F30+E30+D30 -> 92100 | I30: =ROUNDUP(D30/500,0) -> 185 | J30: =ROUNDUP(E30/500,0) -> 0 | K30: =ROUNDUP(F30/500,0) -> 0 | M30: =K30+J30+I30 -> 185 | N30: 29G-023.49 | O30: Nguyễn Trọng Tấn | P30: 967884730 | Q30: Thương Mại
A31: 45624 | B31: Công Nghệ Phẩm HP | C31: =RIGHT(B31,2) -> HP | D31: 14700 | E31: 185000 | H31: =F31+E31+D31 -> 199700 | I31: =ROUNDUP(D31/500,0) -> 30 | J31: =ROUNDUP(E31/500,0) -> 370 | K31: =ROUNDUP(F31/500,0) -> 0 | M31: =K31+J31+I31 -> 400
A32: 45624 | B32: Cường Trung HD | C32: =RIGHT(B32,2) -> HD | D32: 11400 | E32: 22500 | H32: =F32+E32+D32 -> 33900 | I32: =ROUNDUP(D32/500,0) -> 23 | J32: =ROUNDUP(E32/500,0) -> 45 | K32: =ROUNDUP(F32/500,0) -> 0 | M32: =K32+J32+I32 -> 68
A33: 45624 | B33: Cường Trung HD | C33: =RIGHT(B33,2) -> HD | E33: 160000 | H33: =F33+E33+D33 -> 160000 | I33: =ROUNDUP(D33/500,0) -> 0 | J33: =ROUNDUP(E33/500,0) -> 320 | K33: =ROUNDUP(F33/500,0) -> 0 | M33: =K33+J33+I33 -> 320 | N33: 29K-067.11 | O33: Nguyễn Văn Anh | P33: 974072826
A34: 45625 | B34: Bình An Nhiên NB | C34: =RIGHT(B34,2) -> NB | F34: 150000 | H34: =F34+E34+D34 -> 150000 | I34: =ROUNDUP(D34/500,0) -> 0 | J34: =ROUNDUP(E34/500,0) -> 0 | K34: =ROUNDUP(F34/500,0) -> 300 | M34: =K34+J34+I34 -> 300 | N34: 29G-023.20 | O34: Mai Văn Long | P34: 971106882
A35: 45625 | B35: Bình An Nhiên NB | C35: =RIGHT(B35,2) -> NB | D35: 43500 | H35: =F35+E35+D35 -> 43500 | I35: =ROUNDUP(D35/500,0) -> 87 | J35: =ROUNDUP(E35/500,0) -> 0 | K35: =ROUNDUP(F35/500,0) -> 0 | M35: =K35+J35+I35 -> 87 | N35: 29K-063.74 | O35: Lê Mạnh Cường | P35: 923453896
A36: 45625 | B36: Thạch Thành TH | C36: =RIGHT(B36,2) -> TH | D36: 12000 | E36: 162500 | H36: =F36+E36+D36 -> 174500 | I36: =ROUNDUP(D36/500,0) -> 24 | J36: =ROUNDUP(E36/500,0) -> 325 | K36: =ROUNDUP(F36/500,0) -> 0 | M36: =K36+J36+I36 -> 349
A37: 45626 | B37: Anh Tuấn ST | C37: =RIGHT(B37,2) -> ST | D37: 169500 | H37: =F37+E37+D37 -> 169500 | I37: =ROUNDUP(D37/500,0) -> 339 | J37: =ROUNDUP(E37/500,0) -> 0 | K37: =ROUNDUP(F37/500,0) -> 0 | M37: =K37+J37+I37 -> 339 | N37: 29K-063.74 | O37: Lê Mạnh Cường | P37: 923453896
A38: 45626 | B38: Vạn Niên PT | C38: =RIGHT(B38,2) -> PT | D38: 64500 | H38: =F38+E38+D38 -> 64500 | I38: =ROUNDUP(D38/500,0) -> 129 | J38: =ROUNDUP(E38/500,0) -> 0 | K38: =ROUNDUP(F38/500,0) -> 0 | M38: =K38+J38+I38 -> 129
A39: 45629 | B39: Nguyệt Hằng HP | C39: =RIGHT(B39,2) -> HP | D39: 64100 | H39: =F39+E39+D39 -> 64100 | I39: =ROUNDUP(D39/500,0) -> 129 | J39: =ROUNDUP(E39/500,0) -> 0 | K39: =ROUNDUP(F39/500,0) -> 0 | M39: =K39+J39+I39 -> 129 | N39: 29G-023.11 | O39: Phạm Văn Hải | P39: 964343887
A40: 45629 | B40: Việt Xô HD | C40: =RIGHT(B40,2) -> HD | D40: 92800 | H40: =F40+E40+D40 -> 92800 | I40: =ROUNDUP(D40/500,0) -> 186 | J40: =ROUNDUP(E40/500,0) -> 0 | K40: =ROUNDUP(F40/500,0) -> 0 | M40: =K40+J40+I40 -> 186
A41: 45629 | B41: Thái Dương VP | C41: =RIGHT(B41,2) -> VP | D41: 86400 | H41: =F41+E41+D41 -> 86400 | I41: =ROUNDUP(D41/500,0) -> 173 | J41: =ROUNDUP(E41/500,0) -> 0 | K41: =ROUNDUP(F41/500,0) -> 0 | M41: =K41+J41+I41 -> 173 | N41: 29G-023.20 | O41: Lê Mạnh Cường | P41: 923453896
A42: 45629 | B42: Mai Linh VP | C42: =RIGHT(B42,2) -> VP | D42: 67300 | H42: =F42+E42+D42 -> 67300 | I42: =ROUNDUP(D42/500,0) -> 135 | J42: =ROUNDUP(E42/500,0) -> 0 | K42: =ROUNDUP(F42/500,0) -> 0 | M42: =K42+J42+I42 -> 135
A43: 45629 | B43: Thanh Ba Đất Tổ | C43: =RIGHT(B43,2) -> Tổ | D43: 49500 | H43: =F43+E43+D43 -> 49500 | I43: =ROUNDUP(D43/500,0) -> 99 | J43: =ROUNDUP(E43/500,0) -> 0 | K43: =ROUNDUP(F43/500,0) -> 0 | M43: =K43+J43+I43 -> 99
A44: 45629 | B44: Mai Linh NĐ | C44: =RIGHT(B44,2) -> NĐ | D44: 46900 | H44: =F44+E44+D44 -> 46900 | I44: =ROUNDUP(D44/500,0) -> 94 | J44: =ROUNDUP(E44/500,0) -> 0 | K44: =ROUNDUP(F44/500,0) -> 0 | M44: =K44+J44+I44 -> 94 | N44: 29G-023.19 | O44: Nguyễn Trọng Tấn | P44: 967884730
A45: 45629 | B45: Trung Mùi TB | C45: =RIGHT(B45,2) -> TB | D45: 41200 | H45: =F45+E45+D45 -> 41200 | I45: =ROUNDUP(D45/500,0) -> 83 | J45: =ROUNDUP(E45/500,0) -> 0 | K45: =ROUNDUP(F45/500,0) -> 0 | M45: =K45+J45+I45 -> 83
A46: 45629 | B46: Lan Phương TB | C46: =RIGHT(B46,2) -> TB | D46: 118500 | H46: =F46+E46+D46 -> 118500 | I46: =ROUNDUP(D46/500,0) -> 237 | J46: =ROUNDUP(E46/500,0) -> 0 | K46: =ROUNDUP(F46/500,0) -> 0 | M46: =K46+J46+I46 -> 237
A47: 45629 | B47: Trung Chuyển QO NT | C47: =RIGHT(B47,2) -> NT | D47: 200000 | H47: =F47+E47+D47 -> 200000 | I47: =ROUNDUP(D47/500,0) -> 400 | J47: =ROUNDUP(E47/500,0) -> 0 | K47: =ROUNDUP(F47/500,0) -> 0 | M47: =K47+J47+I47 -> 400 | N47: 29B-189.64 | O47: Lê Công Vinh | P47: 949502669
A48: 45630 | B48: Ngọc Khang LC | C48: =RIGHT(B48,2) -> LC | D48: 69700 | H48: =F48+E48+D48 -> 69700 | I48: =ROUNDUP(D48/500,0) -> 140 | J48: =ROUNDUP(E48/500,0) -> 0 | K48: =ROUNDUP(F48/500,0) -> 0 | M48: =K48+J48+I48 -> 140 | N48: 29G-023.11 | O48: Phạm Văn Hải | P48: 964343887
A49: 45630 | B49: An Lộc Phát LC | C49: =RIGHT(B49,2) -> LC | D49: 98300 | H49: =F49+E49+D49 -> 98300 | I49: =ROUNDUP(D49/500,0) -> 197 | J49: =ROUNDUP(E49/500,0) -> 0 | K49: =ROUNDUP(F49/500,0) -> 0 | M49: =K49+J49+I49 -> 197
A50: 45630 | B50: Long Hải YB | C50: =RIGHT(B50,2) -> YB | D50: 26000 | H50: =F50+E50+D50 -> 26000 | I50: =ROUNDUP(D50/500,0) -> 52 | J50: =ROUNDUP(E50/500,0) -> 0 | K50: =ROUNDUP(F50/500,0) -> 0 | M50: =K50+J50+I50 -> 52
A51: 45630 | B51: Hương Giang YB | C51: =RIGHT(B51,2) -> YB | D51: 27400 | H51: =F51+E51+D51 -> 27400 | I51: =ROUNDUP(D51/500,0) -> 55 | J51: =ROUNDUP(E51/500,0) -> 0 | K51: =ROUNDUP(F51/500,0) -> 0 | M51: =K51+J51+I51 -> 55 | N51: 29K-068.24 | O51: Nguyễn Văn Anh | P51: 974072826
A52: 45630 | B52: Hải Phượng YB | C52: =RIGHT(B52,2) -> YB | D52: 66800 | H52: =F52+E52+D52 -> 66800 | I52: =ROUNDUP(D52/500,0) -> 134 | J52: =ROUNDUP(E52/500,0) -> 0 | K52: =ROUNDUP(F52/500,0) -> 0 | M52: =K52+J52+I52 -> 134
A53: 45630 | B53: Thủy Chính TX PT | C53: =RIGHT(B53,2) -> PT | D53: 7900 | E53: 196000 | H53: =F53+E53+D53 -> 203900 | I53: =ROUNDUP(D53/500,0) -> 16 | J53: =ROUNDUP(E53/500,0) -> 392 | K53: =ROUNDUP(F53/500,0) -> 0 | M53: =K53+J53+I53 -> 408
A54: 45630 | B54: Nam Hoa VT | C54: =RIGHT(B54,2) -> VT | D54: 64900 | H54: =F54+E54+D54 -> 64900 | I54: =ROUNDUP(D54/500,0) -> 130 | J54: =ROUNDUP(E54/500,0) -> 0 | K54: =ROUNDUP(F54/500,0) -> 0 | M54: =K54+J54+I54 -> 130
A55: 45630 | B55: Thành Chung VT | C55: =RIGHT(B55,2) -> VT | D55: 49000 | H55: =F55+E55+D55 -> 49000 | I55: =ROUNDUP(D55/500,0) -> 98 | J55: =ROUNDUP(E55/500,0) -> 0 | K55: =ROUNDUP(F55/500,0) -> 0 | M55: =K55+J55+I55 -> 98 | N55: 29K-063.74 | O55: Lê Văn Giang | P55: 961571433
A56: 45630 | B56: Hà Loan LT | C56: =RIGHT(B56,2) -> LT | D56: 68800 | H56: =F56+E56+D56 -> 68800 | I56: =ROUNDUP(D56/500,0) -> 138 | J56: =ROUNDUP(E56/500,0) -> 0 | K56: =ROUNDUP(F56/500,0) -> 0 | M56: =K56+J56+I56 -> 138
A57: 45630 | B57: Minh Hải PY VP | C57: =RIGHT(B57,2) -> VP | D57: 2000 | E57: 100000 | H57: =F57+E57+D57 -> 102000 | I57: =ROUNDUP(D57/500,0) -> 4 | J57: =ROUNDUP(E57/500,0) -> 200 | K57: =ROUNDUP(F57/500,0) -> 0 | M57: =K57+J57+I57 -> 204
A58: 45630 | B58: Hạnh Thục VY | C58: =RIGHT(B58,2) -> VY | D58: 8300 | E58: 127000 | H58: =F58+E58+D58 -> 135300 | I58: =ROUNDUP(D58/500,0) -> 17 | J58: =ROUNDUP(E58/500,0) -> 254 | K58: =ROUNDUP(F58/500,0) -> 0 | M58: =K58+J58+I58 -> 271
A59: 45630 | B59: Hòa Tính HG | C59: =RIGHT(B59,2) -> HG | D59: 5000 | E59: 135000 | H59: =F59+E59+D59 -> 140000 | I59: =ROUNDUP(D59/500,0) -> 10 | J59: =ROUNDUP(E59/500,0) -> 270 | K59: =ROUNDUP(F59/500,0) -> 0 | M59: =K59+J59+I59 -> 280 | N59: 29K-067.11 | O59: Phan Lưu Trường | P59: 326522825
A60: 45630 | B60: Lan Anh BN | C60: =RIGHT(B60,2) -> BN | D60: 11500 | E60: 177000 | H60: =F60+E60+D60 -> 188500 | I60: =ROUNDUP(D60/500,0) -> 23 | J60: =ROUNDUP(E60/500,0) -> 354 | K60: =ROUNDUP(F60/500,0) -> 0 | M60: =K60+J60+I60 -> 377 | N60: 29K-079.24 | O60: Trần Xuân Trường | P60: 974392325
A61: 45630 | B61: Lê Thị Viện BN | C61: =RIGHT(B61,2) -> BN | D61: 37600 | H61: =F61+E61+D61 -> 37600 | I61: =ROUNDUP(D61/500,0) -> 76 | J61: =ROUNDUP(E61/500,0) -> 0 | K61: =ROUNDUP(F61/500,0) -> 0 | M61: =K61+J61+I61 -> 76
A62: 45630 | B62: Chiến Nhã BN | C62: =RIGHT(B62,2) -> BN | D62: 53700 | H62: =F62+E62+D62 -> 53700 | I62: =ROUNDUP(D62/500,0) -> 108 | J62: =ROUNDUP(E62/500,0) -> 0 | K62: =ROUNDUP(F62/500,0) -> 0 | M62: =K62+J62+I62 -> 108
A63: 45630 | B63: Sơn Hải BG | C63: =RIGHT(B63,2) -> BG | D63: 25000 | H63: =F63+E63+D63 -> 25000 | I63: =ROUNDUP(D63/500,0) -> 50 | J63: =ROUNDUP(E63/500,0) -> 0 | K63: =ROUNDUP(F63/500,0) -> 0 | M63: =K63+J63+I63 -> 50
A64: 45630 | B64: Sơn Hải BG | C64: =RIGHT(B64,2) -> BG | D64: 44500 | H64: =F64+E64+D64 -> 44500 | I64: =ROUNDUP(D64/500,0) -> 89 | J64: =ROUNDUP(E64/500,0) -> 0 | K64: =ROUNDUP(F64/500,0) -> 0 | M64: =K64+J64+I64 -> 89 | N64: 29K-067.25 | O64: Phan Trung Thành | P64: 981636699
A65: 45630 | B65: Thành Sơn BG | C65: =RIGHT(B65,2) -> BG | D65: 79000 | H65: =F65+E65+D65 -> 79000 | I65: =ROUNDUP(D65/500,0) -> 158 | J65: =ROUNDUP(E65/500,0) -> 0 | K65: =ROUNDUP(F65/500,0) -> 0 | M65: =K65+J65+I65 -> 158
A66: 45630 | B66: Trung chuyển BS - QO | C66: =RIGHT(B66,2) -> QO | F66: 200000 | H66: =F66+E66+D66 -> 200000 | I66: =ROUNDUP(D66/500,0) -> 0 | J66: =ROUNDUP(E66/500,0) -> 0 | K66: =ROUNDUP(F66/500,0) -> 400 | M66: =K66+J66+I66 -> 400 | N66: 29G-023.20 | O66: Lê Mạnh Cường | P66: 923453896
A67: 45631 | B67: Hồng Đức Uông Bí- QN | C67: =RIGHT(B67,2) -> QN | D67: 92500 | H67: =F67+E67+D67 -> 92500 | I67: =ROUNDUP(D67/500,0) -> 185 | J67: =ROUNDUP(E67/500,0) -> 0 | K67: =ROUNDUP(F67/500,0) -> 0 | M67: =K67+J67+I67 -> 185 | N67: 29G-023.25 | O67: Mai Văn Long | P67: 971106882
A68: 45631 | B68: Hải Tuấn Cẩm Phả- QN | C68: =RIGHT(B68,2) -> QN | D68: =25000+34800 -> 59800 | E68: 165000 | H68: =F68+E68+D68 -> 224800 | I68: =ROUNDUP(D68/500,0) -> 120 | J68: =ROUNDUP(E68/500,0) -> 330 | K68: =ROUNDUP(F68/500,0) -> 0 | M68: =K68+J68+I68 -> 450 | Q68: Thương Mại
A69: 45631 | B69: Nghĩa Hiếu NB | C69: =RIGHT(B69,2) -> NB | D69: 45000 | H69: =F69+E69+D69 -> 45000 | I69: =ROUNDUP(D69/500,0) -> 90 | J69: =ROUNDUP(E69/500,0) -> 0 | K69: =ROUNDUP(F69/500,0) -> 0 | M69: =K69+J69+I69 -> 90 | N69: 29G-023.19 | O69: Nguyễn Trọng Tấn | P69: 967884730
A70: 45631 | B70: Nam Cường NB | C70: =RIGHT(B70,2) -> NB | D70: 31200 | H70: =F70+E70+D70 -> 31200 | I70: =ROUNDUP(D70/500,0) -> 63 | J70: =ROUNDUP(E70/500,0) -> 0 | K70: =ROUNDUP(F70/500,0) -> 0 | M70: =K70+J70+I70 -> 63
A71: 45631 | B71: Vượng Phát TH | C71: =RIGHT(B71,2) -> TH | D71: 51000 | H71: =F71+E71+D71 -> 51000 | I71: =ROUNDUP(D71/500,0) -> 102 | J71: =ROUNDUP(E71/500,0) -> 0 | K71: =ROUNDUP(F71/500,0) -> 0 | L71: =ROUNDUP(G70/500,0) -> 0 | M71: =K71+J71+I71 -> 102
A72: 45631 | B72: Cường Phượng TH | C72: =RIGHT(B72,2) -> TH | D72: 68500 | H72: =F72+E72+D72 -> 68500 | I72: =ROUNDUP(D72/500,0) -> 137 | J72: =ROUNDUP(E72/500,0) -> 0 | K72: =ROUNDUP(F72/500,0) -> 0 | L72: =ROUNDUP(G71/500,0) -> 0 | M72: =K72+J72+I72 -> 137
A73: 45631 | B73: Tuấn Tuyết YB | C73: =RIGHT(B73,2) -> YB | D73: 12100 | E73: 92500 | H73: =F73+E73+D73 -> 104600 | I73: =ROUNDUP(D73/500,0) -> 25 | J73: =ROUNDUP(E73/500,0) -> 185 | K73: =ROUNDUP(F73/500,0) -> 0 | L73: =ROUNDUP(G72/500,0) -> 0 | M73: =K73+J73+I73 -> 210 | N73: 29G-023.20 | O73: Lê Mạnh Cường | P73: 923453896
A74: 45631 | B74: Vạn Liên PT | C74: =RIGHT(B74,2) -> PT | E74: 84500 | H74: =F74+E74+D74 -> 84500 | I74: =ROUNDUP(D74/500,0) -> 0 | J74: =ROUNDUP(E74/500,0) -> 169 | K74: =ROUNDUP(F74/500,0) -> 0 | L74: =ROUNDUP(G73/500,0) -> 0 | M74: =K74+J74+I74 -> 169
A75: 45632 | B75: Hương Duyên PL | G75: 125000 | H75: =F75+E75+D75+G75 -> 125000 | I75: =ROUNDUP(D75/500,0) -> 0 | J75: =ROUNDUP(E75/500,0) -> 0 | K75: =ROUNDUP(F75/500,0) -> 0 | L75: =ROUNDUP(G75/500,0) -> 250 | M75: =K75+J75+I75+L75 -> 250 | N75: 29G-023.19 | O75: Nguyễn Trọng Tấn | P75: 967884730
A76: 45632 | B76: Việt Hoàng Long Phủ Lý | G76: 40000 | H76: =F76+E76+D76+G76 -> 40000 | I76: =ROUNDUP(D76/500,0) -> 0 | J76: =ROUNDUP(E76/500,0) -> 0 | K76: =ROUNDUP(F76/500,0) -> 0 | L76: =ROUNDUP(G76/500,0) -> 80 | M76: =K76+J76+I76+L76 -> 80
A77: 45632 | B77: Hương Duyên PL | D77: 13000 | E77: =70000+205000 -> 275000 | H77: =F77+E77+D77+G77 -> 288000 | I77: =ROUNDUP(D77/500,0) -> 26 | J77: =ROUNDUP(E77/500,0) -> 550 | K77: =ROUNDUP(F77/500,0) -> 0 | L77: =ROUNDUP(G77/500,0) -> 0 | M77: =K77+J77+I77+L77 -> 576 | N77: 29K-069.35 | O77: Phan Trung Thành | P77: 981636699
A78: 45632 | B78: Anh Khoa PL | D78: 54500 | H78: =F78+E78+D78+G78 -> 54500 | I78: =ROUNDUP(D78/500,0) -> 109 | J78: =ROUNDUP(E78/500,0) -> 0 | K78: =ROUNDUP(F78/500,0) -> 0 | L78: =ROUNDUP(G78/500,0) -> 0 | M78: =K78+J78+I78+L78 -> 109
A79: 45632 | B79: Hồng Phát UB | D79: 3000 | E79: 260000 | H79: =F79+E79+D79+G79 -> 263000 | I79: =ROUNDUP(D79/500,0) -> 6 | J79: =ROUNDUP(E79/500,0) -> 520 | K79: =ROUNDUP(F79/500,0) -> 0 | L79: =ROUNDUP(G79/500,0) -> 0 | M79: =K79+J79+I79+L79 -> 526 | N79: 29K-068.24 | O79: Nguyễn Văn Anh | P79: 974072826 | Q79: Thương Mại
A80: 45632 | B80: Hưng Thịnh HD | D80: 8700 | E80: =295000 -> 295000 | H80: =F80+E80+D80+G80 -> 303700 | I80: =ROUNDUP(D80/500,0) -> 18 | J80: =ROUNDUP(E80/500,0) -> 590 | K80: =ROUNDUP(F80/500,0) -> 0 | L80: =ROUNDUP(G80/500,0) -> 0 | M80: =K80+J80+I80+L80 -> 608 | N80: 29K-068.20 | O80: Nguyễn Văn Sang | P80: 969820625
A81: 45632 | B81: Anh Tuấn ST | D81: 5000 | E81: 282000 | H81: =F81+E81+D81+G81 -> 287000 | I81: =ROUNDUP(D81/500,0) -> 10 | J81: =ROUNDUP(E81/500,0) -> 564 | K81: =ROUNDUP(F81/500,0) -> 0 | L81: =ROUNDUP(G81/500,0) -> 0 | M81: =K81+J81+I81+L81 -> 574 | N81: 29G-023.25 | O81: Mai Văn Long | P81: 971106882
A82: 45632 | B82: Quốc đạt ST | E82: 50000 | H82: =F82+E82+D82+G82 -> 50000 | I82: =ROUNDUP(D82/500,0) -> 0 | J82: =ROUNDUP(E82/500,0) -> 100 | K82: =ROUNDUP(F82/500,0) -> 0 | L82: =ROUNDUP(G82/500,0) -> 0 | M82: =K82+J82+I82+L82 -> 100
A83: 45632 | B83: Quốc đạt ST | E83: 60000 | H83: =F83+E83+D83+G83 -> 60000 | I83: =ROUNDUP(D83/500,0) -> 0 | J83: =ROUNDUP(E83/500,0) -> 120 | K83: =ROUNDUP(F83/500,0) -> 0 | L83: =ROUNDUP(G83/500,0) -> 0 | M83: =K83+J83+I83+L83 -> 120 | N83: 29K-067.11 | O83: Phan Lưu Trường | P83: 326522825
A84: 45632 | B84: Trường Sơn TN | E84: 57500 | F84: 67500 | H84: =F84+E84+D84+G84 -> 125000 | I84: =ROUNDUP(D84/500,0) -> 0 | J84: =ROUNDUP(E84/500,0) -> 115 | K84: =ROUNDUP(F84/500,0) -> 135 | L84: =ROUNDUP(G84/500,0) -> 0 | M84: =K84+J84+I84+L84 -> 250
A85: 45632 | B85: Trường Sơn TN | D85: 9000 | F85: =412500-F84 -> 345000 | H85: =F85+E85+D85+G85 -> 354000 | I85: =ROUNDUP(D85/500,0) -> 18 | J85: =ROUNDUP(E85/500,0) -> 0 | K85: =ROUNDUP(F85/500,0) -> 690 | L85: =ROUNDUP(G85/500,0) -> 0 | M85: =K85+J85+I85+L85 -> 708 | N85: 29K-063.74 | O85: Lê Văn Giang | P85: 961571433
A86: 45632 | B86: Mai Phương ND | D86: =5200+20000 -> 25200 | E86: 300000 | H86: =F86+E86+D86+G86 -> 325200 | I86: =ROUNDUP(D86/500,0) -> 51 | J86: =ROUNDUP(E86/500,0) -> 600 | K86: =ROUNDUP(F86/500,0) -> 0 | L86: =ROUNDUP(G86/500,0) -> 0 | M86: =K86+J86+I86+L86 -> 651 | N86: 29K-079.24 | O86: Trần Xuân Trường | P86: 974392325 | Q86: Biên bản là 300000
A87: 45632 | B87: Mai Phương ND | E87: 150000 | F87: 53000 | H87: =F87+E87+D87+G87 -> 203000 | I87: =ROUNDUP(D87/500,0) -> 0 | J87: =ROUNDUP(E87/500,0) -> 300 | K87: =ROUNDUP(F87/500,0) -> 106 | L87: =ROUNDUP(G87/500,0) -> 0 | M87: =K87+J87+I87+L87 -> 406 | N87: 29G-023.11 | O87: Phạm Văn Hải | P87: 964343887 | Q87: thiếu 41 thùng Thiếu biên bản 53000
A88: 45632 | B88: Mai Linh ND | D88: =54400 -> 54400 | H88: =F88+E88+D88+G88 -> 54400 | I88: =ROUNDUP(D88/500,0) -> 109 | J88: =ROUNDUP(E88/500,0) -> 0 | K88: =ROUNDUP(F88/500,0) -> 0 | L88: =ROUNDUP(G88/500,0) -> 0 | M88: =K88+J88+I88+L88 -> 109 | N88: 29B-189.64 | O88: Lê Công Vinh | P88: 949502669
A89: 45632 | B89: Việt Hoàng Long Phủ Lý | D89: =11000+2000 -> 13000 | E89: =120000+40000 -> 160000 | H89: =F89+E89+D89+G89 -> 173000 | I89: =ROUNDUP(D89/500,0) -> 26 | J89: =ROUNDUP(E89/500,0) -> 320 | K89: =ROUNDUP(F89/500,0) -> 0 | L89: =ROUNDUP(G89/500,0) -> 0 | M89: =K89+J89+I89+L89 -> 346 | Q89: Thương Mại
A90: 45633 | B90: Thành Thắng Thanh Hoá | D90: 19400 | E90: 62500 | H90: =F90+E90+D90+G90 -> 81900 | I90: =ROUNDUP(D90/500,0) -> 39 | J90: =ROUNDUP(E90/500,0) -> 125 | K90: =ROUNDUP(F90/500,0) -> 0 | L90: =ROUNDUP(G90/500,0) -> 0 | M90: =K90+J90+I90 -> 164 | N90: 29G-023.19 | O90: Nguyễn Trọng Tấn | P90: 967884730
A91: 45633 | B91: Thạch Thành TH | E91: 137500 | G91: 22000 | H91: =F91+E91+D91+G91 -> 159500 | I91: =ROUNDUP(D91/500,0) -> 0 | J91: =ROUNDUP(E91/500,0) -> 275 | K91: =ROUNDUP(F91/500,0) -> 0 | L91: =ROUNDUP(G91/500,0) -> 44 | M91: =K91+J91+I91+L91 -> 319
A92: 45635 | B92: Trung chuyển BS - QO | F92: 150000 | H92: =F92+E92+D92+G92 -> 150000 | I92: =ROUNDUP(D92/500,0) -> 0 | J92: =ROUNDUP(E92/500,0) -> 0 | K92: =ROUNDUP(F92/500,0) -> 300 | L92: =ROUNDUP(G92/500,0) -> 0 | M92: =K92+J92+I92+L92 -> 300 | N92: 29B-189.64 | O92: Lê Công Vinh | P92: 949502669
A93: 45636 | B93: Trường Sơn TN | D93: 24700 | F93: 312500 | H93: =F93+E93+D93+G93 -> 337200 | I93: =ROUNDUP(D93/500,0) -> 50 | J93: =ROUNDUP(E93/500,0) -> 0 | K93: =ROUNDUP(F93/500,0) -> 625 | L93: =ROUNDUP(G93/500,0) -> 0 | M93: =K93+J93+I93+L93 -> 675 | N93: 29K-063.74 | O93: Lê Văn Giang | P93: 961571433
A94: 45636 | B94: Trường Sơn TN | E94: 47500 | H94: =F94+E94+D94+G94 -> 47500 | I94: =ROUNDUP(D94/500,0) -> 0 | J94: =ROUNDUP(E94/500,0) -> 95 | K94: =ROUNDUP(F94/500,0) -> 0 | L94: =ROUNDUP(G94/500,0) -> 0 | M94: =K94+J94+I94+L94 -> 95 | N94: 29G-023.19 | O94: Nguyễn Trọng Tấn | P94: 967884730
A95: 45636 | B95: Thanh Tùng TN | D95: =63900+1000 -> 64900 | H95: =F95+E95+D95+G95 -> 64900 | I95: =ROUNDUP(D95/500,0) -> 130 | J95: =ROUNDUP(E95/500,0) -> 0 | K95: =ROUNDUP(F95/500,0) -> 0 | L95: =ROUNDUP(G95/500,0) -> 0 | M95: =K95+J95+I95+L95 -> 130 | Q95: Thương Mại
A96: 45636 | B96: Phúc Lộc TN | E96: 7500 | F96: 57000 | H96: =F96+E96+D96+G96 -> 64500 | I96: =ROUNDUP(D96/500,0) -> 0 | J96: =ROUNDUP(E96/500,0) -> 15 | K96: =ROUNDUP(F96/500,0) -> 114 | L96: =ROUNDUP(G96/500,0) -> 0 | M96: =K96+J96+I96+L96 -> 129
A97: 45636 | B97: Mai Long TN | D97: 48500 | H97: =F97+E97+D97+G97 -> 48500 | I97: =ROUNDUP(D97/500,0) -> 97 | J97: =ROUNDUP(E97/500,0) -> 0 | K97: =ROUNDUP(F97/500,0) -> 0 | L97: =ROUNDUP(G97/500,0) -> 0 | M97: =K97+J97+I97+L97 -> 97
A98: 45636 | B98: Hồng Đức UB | D98: 1000 | E98: 87500 | H98: =F98+E98+D98+G98 -> 88500 | I98: =ROUNDUP(D98/500,0) -> 2 | J98: =ROUNDUP(E98/500,0) -> 175 | K98: =ROUNDUP(F98/500,0) -> 0 | L98: =ROUNDUP(G98/500,0) -> 0 | M98: =K98+J98+I98+L98 -> 177 | N98: 29K-068.24 | O98: Nguyễn Văn Anh | P98: 974072826
A99: 45636 | B99: Hồng Phát UB | D99: 12000 | E99: 260000 | H99: =F99+E99+D99+G99 -> 272000 | I99: =ROUNDUP(D99/500,0) -> 24 | J99: =ROUNDUP(E99/500,0) -> 520 | K99: =ROUNDUP(F99/500,0) -> 0 | L99: =ROUNDUP(G99/500,0) -> 0 | M99: =K99+J99+I99+L99 -> 544
A100: 45636 | B100: Hải Yến HL | D100: 7700 | E100: 90900 | H100: =F100+E100+D100+G100 -> 98600 | I100: =ROUNDUP(D100/500,0) -> 16 | J100: =ROUNDUP(E100/500,0) -> 182 | K100: =ROUNDUP(F100/500,0) -> 0 | L100: =ROUNDUP(G100/500,0) -> 0 | M100: =K100+J100+I100+L100 -> 198 | N100: 29G-023.20 | O100: Lê Mạnh Cường | P100: 923453896
...

Sheet TLTL 012025
A1: Ngày | B1: Tên NPP | C1: QO (bao) | D1: NT | E1: BS | F1: TH | G1: Tổng | H1: QO | I1: NT | J1: BS | K1: TH | L1: Tổng | M1: Biển số xe | N1: Lái xe | O1: SĐT
A2: 45652 | B2: Mai Phuong ND | C2: 6800 | D2: 170000 | E2: 50000 | G2: =E2+D2+C2+F2 -> 226800 | H2: =ROUNDUP(C2/500,0) -> 14 | I2: =ROUNDUP(D2/500,0) -> 340 | J2: =ROUNDUP(E2/500,0) -> 100 | K2: =ROUNDUP(F2/500,0) -> 0 | L2: =SUM(H2:K2) -> 454 | M2: 29G-023.11 | N2: Phạm Văn Hải | O2: 964343887
A3: 45652 | B3: Mai Phuong ND | D3: 365000 | G3: =E3+D3+C3+F3 -> 365000 | H3: =ROUNDUP(C3/500,0) -> 0 | I3: =ROUNDUP(D3/500,0) -> 730 | J3: =ROUNDUP(E3/500,0) -> 0 | K3: =ROUNDUP(F3/500,0) -> 0 | L3: =SUM(H3:K3) -> 730 | M3: 29K-139.05 | N3: Nguyễn Trọng Tấn | O3: 967884730
A4: 45652 | B4: Huong Duyen PL | C4: 1400 | D4: 200000 | G4: =E4+D4+C4+F4 -> 201400 | H4: =ROUNDUP(C4/500,0) -> 3 | I4: =ROUNDUP(D4/500,0) -> 400 | J4: =ROUNDUP(E4/500,0) -> 0 | K4: =ROUNDUP(F4/500,0) -> 0 | L4: =SUM(H4:K4) -> 403 | M4: 29G-023.20 | N4: Nguyễn Đức Thiên | O4: 981636699
A5: 45652 | B5: Việt Hoàng Long PL | C5: 2000 | G5: =E5+D5+C5+F5 -> 2000 | H5: =ROUNDUP(C5/500,0) -> 4 | I5: =ROUNDUP(D5/500,0) -> 0 | J5: =ROUNDUP(E5/500,0) -> 0 | K5: =ROUNDUP(F5/500,0) -> 0 | L5: =SUM(H5:K5) -> 4 | M5: 29G-023.20 | N5: Nguyễn Đức Thiên | O5: 981636699
A6: 45652 | B6: Huong Duyen PL | D6: 215000 | G6: =E6+D6+C6+F6 -> 215000 | H6: =ROUNDUP(C6/500,0) -> 0 | I6: =ROUNDUP(D6/500,0) -> 430 | J6: =ROUNDUP(E6/500,0) -> 0 | K6: =ROUNDUP(F6/500,0) -> 0 | L6: =SUM(H6:K6) -> 430 | M6: 29G-023.19 | N6: Lê Mạnh Cường | O6: 923453896
A7: 45652 | B7: Huong Duyen PL | F7: 50000 | G7: =E7+D7+C7+F7 -> 50000 | H7: =ROUNDUP(C7/500,0) -> 0 | I7: =ROUNDUP(D7/500,0) -> 0 | J7: =ROUNDUP(E7/500,0) -> 0 | K7: =ROUNDUP(F7/500,0) -> 100 | L7: =SUM(H7:K7) -> 100 | M7: 29G-023.25 | N7: Mai Văn Long | O7: 971106882 | P7: chưa có biên bản, nhà phân phối kí đủ ở hóa đơn
A8: 45652 | B8: Việt Hoàng Long PL | F8: 25000 | G8: =E8+D8+C8+F8 -> 25000 | H8: =ROUNDUP(C8/500,0) -> 0 | I8: =ROUNDUP(D8/500,0) -> 0 | J8: =ROUNDUP(E8/500,0) -> 0 | K8: =ROUNDUP(F8/500,0) -> 50 | L8: =SUM(H8:K8) -> 50 | M8: 29G-023.25 | N8: Mai Văn Long | O8: 971106882 | P8: chưa có biên bản, nhà phân phối kí đủ ở hóa đơn
A9: 45652 | B9: Bình An Nhiên NB | F9: 40000 | G9: =E9+D9+C9+F9 -> 40000 | H9: =ROUNDUP(C9/500,0) -> 0 | I9: =ROUNDUP(D9/500,0) -> 0 | J9: =ROUNDUP(E9/500,0) -> 0 | K9: =ROUNDUP(F9/500,0) -> 80 | L9: =SUM(H9:K9) -> 80 | M9: 29G-023.25 | N9: Mai Văn Long | O9: 971106882 | P9: chưa có biên bản, nhà phân phối kí đủ ở hóa đơn
A10: 45653 | B10: Công Nghệ Phẩm HP | C10: 131000 | G10: =E10+D10+C10+F10 -> 131000 | H10: =ROUNDUP(C10/500,0) -> 262 | I10: =ROUNDUP(D10/500,0) -> 0 | J10: =ROUNDUP(E10/500,0) -> 0 | K10: =ROUNDUP(F10/500,0) -> 0 | L10: =SUM(H10:K10) -> 262 | M10: 29K-134.59 | N10: Phan Lưu Trường | O10: 326522825
A11: 45653 | B11: Nguyệt Hằng HP | C11: 61600 | G11: =E11+D11+C11+F11 -> 61600 | H11: =ROUNDUP(C11/500,0) -> 124 | I11: =ROUNDUP(D11/500,0) -> 0 | J11: =ROUNDUP(E11/500,0) -> 0 | K11: =ROUNDUP(F11/500,0) -> 0 | L11: =SUM(H11:K11) -> 124 | M11: 29K-134.59 | N11: Phan Lưu Trường | O11: 326522825 | P11: 3k tm
A12: 45653 | B12: Trang Hiển HP | C12: 70100 | G12: =E12+D12+C12+F12 -> 70100 | H12: =ROUNDUP(C12/500,0) -> 141 | I12: =ROUNDUP(D12/500,0) -> 0 | J12: =ROUNDUP(E12/500,0) -> 0 | K12: =ROUNDUP(F12/500,0) -> 0 | L12: =SUM(H12:K12) -> 141 | M12: 29K-134.59 | N12: Phan Lưu Trường | O12: 326522825
A13: 45653 | B13: Sơn Thái HP | D13: 100000 | G13: =E13+D13+C13+F13 -> 100000 | H13: =ROUNDUP(C13/500,0) -> 0 | I13: =ROUNDUP(D13/500,0) -> 200 | J13: =ROUNDUP(E13/500,0) -> 0 | K13: =ROUNDUP(F13/500,0) -> 0 | L13: =SUM(H13:K13) -> 200 | M13: 29K-134.59 | N13: Phan Lưu Trường | O13: 326522825
A14: 45653 | B14: Sơn Thái HP | D14: 80000 | G14: =E14+D14+C14+F14 -> 80000 | H14: =ROUNDUP(C14/500,0) -> 0 | I14: =ROUNDUP(D14/500,0) -> 160 | J14: =ROUNDUP(E14/500,0) -> 0 | K14: =ROUNDUP(F14/500,0) -> 0 | L14: =SUM(H14:K14) -> 160 | M14: 29G-023.19 | N14: Lê Đức Bách | O14: 981636699
A15: 45653 | B15: Cường Trung HD | C15: 4300 | D15: 145000 | G15: =E15+D15+C15+F15 -> 149300 | H15: =ROUNDUP(C15/500,0) -> 9 | I15: =ROUNDUP(D15/500,0) -> 290 | J15: =ROUNDUP(E15/500,0) -> 0 | K15: =ROUNDUP(F15/500,0) -> 0 | L15: =SUM(H15:K15) -> 299 | M15: 29G-023.19 | N15: Lê Đức Bách | O15: 981636699
A16: 45653 | B16: Hưng Thịnh HD | C16: 2500 | D16: 320000 | G16: =E16+D16+C16+F16 -> 322500 | H16: =ROUNDUP(C16/500,0) -> 5 | I16: =ROUNDUP(D16/500,0) -> 640 | J16: =ROUNDUP(E16/500,0) -> 0 | K16: =ROUNDUP(F16/500,0) -> 0 | L16: =SUM(H16:K16) -> 645 | M16: 29K-079.24 | N16: Trần Xuân Trường | O16: 974392325
A17: 45653 | B17: Hoàng Gia Lộc Huế | C17: 105500 | D17: 105500 | G17: =E17+D17+C17+F17 -> 211000 | H17: =ROUNDUP(C17/500,0) -> 211 | I17: =ROUNDUP(D17/500,0) -> 211 | J17: =ROUNDUP(E17/500,0) -> 0 | K17: =ROUNDUP(F17/500,0) -> 0 | L17: =SUM(H17:K17) -> 422 | M17: 29G-023.20 | N17: Nguyễn Đức Thiên | O17: 981636699
A18: 45653 | B18: Trung chuyển QO NT | C18: 300000 | G18: =E18+D18+C18+F18 -> 300000 | H18: =ROUNDUP(C18/500,0) -> 600 | I18: =ROUNDUP(D18/500,0) -> 0 | J18: =ROUNDUP(E18/500,0) -> 0 | K18: =ROUNDUP(F18/500,0) -> 0 | L18: =SUM(H18:K18) -> 600 | M18: 29K-063.74 | N18: Lê Văn Giang | O18: 961571433
A19: 45654 | B19: Trung chuyển QO NT | C19: 300000 | G19: =E19+D19+C19+F19 -> 300000 | H19: =ROUNDUP(C19/500,0) -> 600 | I19: =ROUNDUP(D19/500,0) -> 0 | J19: =ROUNDUP(E19/500,0) -> 0 | K19: =ROUNDUP(F19/500,0) -> 0 | L19: =SUM(H19:K19) -> 600 | M19: 29K-079.24 | N19: Trần Xuân Trường | O19: 974392325
A20: 45654 | B20: Trung chuyển QO NT | C20: 300000 | G20: =E20+D20+C20+F20 -> 300000 | H20: =ROUNDUP(C20/500,0) -> 600 | I20: =ROUNDUP(D20/500,0) -> 0 | J20: =ROUNDUP(E20/500,0) -> 0 | K20: =ROUNDUP(F20/500,0) -> 0 | L20: =SUM(H20:K20) -> 600 | M20: 29K-069.35 | N20: Hoàng Minh Thịnh | O20: 989118712
A21: 45654 | B21: Hai Tuan CP | C21: 50000 | G21: =E21+D21+C21+F21 -> 50000 | H21: =ROUNDUP(C21/500,0) -> 100 | I21: =ROUNDUP(D21/500,0) -> 0 | J21: =ROUNDUP(E21/500,0) -> 0 | K21: =ROUNDUP(F21/500,0) -> 0 | L21: =SUM(H21:K21) -> 100 | M21: 29B-189.64 | N21: Lê Công Vinh | O21: 949502669
A22: 45654 | B22: Toan Huyen HL | C22: 5000 | G22: =E22+D22+C22+F22 -> 5000 | H22: =ROUNDUP(C22/500,0) -> 10 | I22: =ROUNDUP(D22/500,0) -> 0 | J22: =ROUNDUP(E22/500,0) -> 0 | K22: =ROUNDUP(F22/500,0) -> 0 | L22: =SUM(H22:K22) -> 10 | M22: 29B-189.64 | N22: Lê Công Vinh | O22: 949502669
A23: 45654 | B23: Huy Bình HL | C23: 1000 | G23: =E23+D23+C23+F23 -> 1000 | H23: =ROUNDUP(C23/500,0) -> 2 | I23: =ROUNDUP(D23/500,0) -> 0 | J23: =ROUNDUP(E23/500,0) -> 0 | K23: =ROUNDUP(F23/500,0) -> 0 | L23: =SUM(H23:K23) -> 2 | M23: 29B-189.64 | N23: Lê Công Vinh | O23: 949502669
A24: 45654 | B24: Hải Yến HL | C24: 2000 | G24: =E24+D24+C24+F24 -> 2000 | H24: =ROUNDUP(C24/500,0) -> 4 | I24: =ROUNDUP(D24/500,0) -> 0 | J24: =ROUNDUP(E24/500,0) -> 0 | K24: =ROUNDUP(F24/500,0) -> 0 | L24: =SUM(H24:K24) -> 4 | M24: 29B-189.64 | N24: Lê Công Vinh | O24: 949502669
A25: 45654 | B25: Hồng Đức UB | C25: 1000 | G25: =E25+D25+C25+F25 -> 1000 | H25: =ROUNDUP(C25/500,0) -> 2 | I25: =ROUNDUP(D25/500,0) -> 0 | J25: =ROUNDUP(E25/500,0) -> 0 | K25: =ROUNDUP(F25/500,0) -> 0 | L25: =SUM(H25:K25) -> 2 | M25: 29B-189.64 | N25: Lê Công Vinh | O25: 949502669
A26: 45654 | B26: Công Nghệ Phẩm HP | C26: 150000 | G26: =E26+D26+C26+F26 -> 150000 | H26: =ROUNDUP(C26/500,0) -> 300 | I26: =ROUNDUP(D26/500,0) -> 0 | J26: =ROUNDUP(E26/500,0) -> 0 | K26: =ROUNDUP(F26/500,0) -> 0 | L26: =SUM(H26:K26) -> 300 | M26: 29B-189.64 | N26: Lê Công Vinh | O26: 949502669
A27: 45654 | B27: Thành Chung HB | D27: 75000 | G27: =E27+D27+C27+F27 -> 75000 | H27: =ROUNDUP(C27/500,0) -> 0 | I27: =ROUNDUP(D27/500,0) -> 150 | J27: =ROUNDUP(E27/500,0) -> 0 | K27: =ROUNDUP(F27/500,0) -> 0 | L27: =SUM(H27:K27) -> 150 | M27: 29G-023.25 | N27: Mai Văn Long | O27: 971106882
A28: 45654 | B28: Bình An Nhiên NB | D28: 112500 | G28: =E28+D28+C28+F28 -> 112500 | H28: =ROUNDUP(C28/500,0) -> 0 | I28: =ROUNDUP(D28/500,0) -> 225 | J28: =ROUNDUP(E28/500,0) -> 0 | K28: =ROUNDUP(F28/500,0) -> 0 | L28: =SUM(H28:K28) -> 225 | M28: 29G-023.25 | N28: Mai Văn Long | O28: 971106882
A29: 45654 | B29: Thạch Thành TH | D29: 75000 | G29: =E29+D29+C29+F29 -> 75000 | H29: =ROUNDUP(C29/500,0) -> 0 | I29: =ROUNDUP(D29/500,0) -> 150 | J29: =ROUNDUP(E29/500,0) -> 0 | K29: =ROUNDUP(F29/500,0) -> 0 | L29: =SUM(H29:K29) -> 150 | M29: 29G-023.25 | N29: Mai Văn Long | O29: 971106882
A30: 45655 | B30: Trung chuyển QO NT | C30: 300000 | G30: 300000 | H30: =ROUNDUP(C30/500,0) -> 600 | I30: =ROUNDUP(D30/500,0) -> 0 | J30: 0 | K30: =ROUNDUP(F30/500,0) -> 0 | L30: =SUM(H30:K30) -> 600 | M30: 29K-137.54 | N30: Phạm Văn Hải | O30: 964343887
A31: 45655 | B31: Trung chuyển QO NT | C31: 300000 | G31: =E31+D31+C31+F31 -> 300000 | H31: =ROUNDUP(C31/500,0) -> 600 | I31: =ROUNDUP(D31/500,0) -> 0 | J31: =ROUNDUP(E31/500,0) -> 0 | K31: =ROUNDUP(F31/500,0) -> 0 | L31: =SUM(H31:K31) -> 600 | M31: 29K-134.59 | N31: Phan Lưu Trường | O31: 326522825
A32: 45658 | B32: Trung chuyển QO NT | C32: 300000 | G32: =E32+D32+C32+F32 -> 300000 | H32: =ROUNDUP(C32/500,0) -> 600 | I32: =ROUNDUP(D32/500,0) -> 0 | J32: =ROUNDUP(E32/500,0) -> 0 | K32: =ROUNDUP(F32/500,0) -> 0 | L32: =SUM(H32:K32) -> 600 | M32: 29K-134.59 | N32: Phan Lưu Trường | O32: 326522825
A33: 45658 | B33: Trung chuyển QO NT | C33: 300000 | G33: =E33+D33+C33+F33 -> 300000 | H33: =ROUNDUP(C33/500,0) -> 600 | I33: =ROUNDUP(D33/500,0) -> 0 | J33: =ROUNDUP(E33/500,0) -> 0 | K33: =ROUNDUP(F33/500,0) -> 0 | L33: =SUM(H33:K33) -> 600 | M33: 29G-023.49 | N33: Hoàng Minh Thịnh | O33: 989118712
A34: 45658 | B34: Trung chuyển QO NT | C34: 300000 | G34: =E34+D34+C34+F34 -> 300000 | H34: =ROUNDUP(C34/500,0) -> 600 | I34: =ROUNDUP(D34/500,0) -> 0 | J34: =ROUNDUP(E34/500,0) -> 0 | K34: =ROUNDUP(F34/500,0) -> 0 | L34: =SUM(H34:K34) -> 600 | M34: 29K-079.24 | N34: Trần Xuân Trường | O34: 974392325
A35: 45659 | B35: Trung chuyển BS QO | E35: 163000 | G35: =E35+D35+C35+F35 -> 163000 | H35: =ROUNDUP(C35/500,0) -> 0 | I35: =ROUNDUP(D35/500,0) -> 0 | J35: =ROUNDUP(E35/500,0) -> 326 | K35: =ROUNDUP(F35/500,0) -> 0 | L35: =SUM(H35:K35) -> 326 | M35: 29K-067.11 | N35: Lê Công Vinh | O35: 949502669
A36: 45659 | B36: Hòa Hương HP | C36: 68700 | G36: =E36+D36+C36+F36 -> 68700 | H36: =ROUNDUP(C36/500,0) -> 138 | I36: =ROUNDUP(D36/500,0) -> 0 | J36: =ROUNDUP(E36/500,0) -> 0 | K36: =ROUNDUP(F36/500,0) -> 0 | L36: =SUM(H36:K36) -> 138 | M36: 29K-069.35 | N36: Lê Mạnh Cường | O36: 923453896
A37: 45659 | B37: Nguyệt Hằng | C37: 88600 | G37: =E37+D37+C37+F37 -> 88600 | H37: =ROUNDUP(C37/500,0) -> 178 | I37: =ROUNDUP(D37/500,0) -> 0 | J37: =ROUNDUP(E37/500,0) -> 0 | K37: =ROUNDUP(F37/500,0) -> 0 | L37: =SUM(H37:K37) -> 178 | M37: 29K-069.35 | N37: Lê Mạnh Cường | O37: 923453896
A38: 45659 | B38: Công Nghệ Phẩm HP | C38: 15090 | D38: 155400 | G38: =E38+D38+C38+F38 -> 170490 | H38: =ROUNDUP(C38/500,0) -> 31 | I38: =ROUNDUP(D38/500,0) -> 311 | J38: =ROUNDUP(E38/500,0) -> 0 | K38: =ROUNDUP(F38/500,0) -> 0 | L38: =SUM(H38:K38) -> 342 | M38: 29K-069.35 | N38: Lê Mạnh Cường | O38: 923453896
A39: 45659 | B39: Việt Xô HD | C39: 10500 | G39: =E39+D39+C39+F39 -> 10500 | H39: =ROUNDUP(C39/500,0) -> 21 | I39: =ROUNDUP(D39/500,0) -> 0 | J39: =ROUNDUP(E39/500,0) -> 0 | K39: =ROUNDUP(F39/500,0) -> 0 | L39: =SUM(H39:K39) -> 21 | M39: 29K-069.35 | N39: Lê Mạnh Cường | O39: 923453896
A40: 45659 | B40: Trung chuyển QO NT | C40: 300000 | G40: =E40+D40+C40+F40 -> 300000 | H40: =ROUNDUP(C40/500,0) -> 600 | I40: =ROUNDUP(D40/500,0) -> 0 | J40: =ROUNDUP(E40/500,0) -> 0 | K40: =ROUNDUP(F40/500,0) -> 0 | L40: =SUM(H40:K40) -> 600 | M40: 29G-023.25 | N40: Mai Văn Long | O40: 971106882
A41: 45659 | B41: Trung chuyển QO NT | C41: 300000 | G41: =E41+D41+C41+F41 -> 300000 | H41: =ROUNDUP(C41/500,0) -> 600 | I41: =ROUNDUP(D41/500,0) -> 0 | J41: =ROUNDUP(E41/500,0) -> 0 | K41: =ROUNDUP(F41/500,0) -> 0 | L41: =SUM(H41:K41) -> 600 | M41: 29K-137.54 | N41: Phạm Văn Hải | O41: 964343887
A42: 45660 | B42: Mai Phương ND | D42: 300000 | E42: 53000 | G42: =E42+D42+C42+F42 -> 353000 | H42: =ROUNDUP(C42/500,0) -> 0 | I42: =ROUNDUP(D42/500,0) -> 600 | J42: =ROUNDUP(E42/500,0) -> 106 | K42: =ROUNDUP(F42/500,0) -> 0 | L42: =SUM(H42:K42) -> 706 | M42: 29K-063.74 | N42: Lê Văn Giang | O42: 961571433
A43: 45660 | B43: Mai Phương ND | C43: 7200 | D43: 15000 | G43: =E43+D43+C43+F43 -> 22200 | H43: =ROUNDUP(C43/500,0) -> 15 | I43: =ROUNDUP(D43/500,0) -> 30 | J43: =ROUNDUP(E43/500,0) -> 0 | K43: =ROUNDUP(F43/500,0) -> 0 | L43: =SUM(H43:K43) -> 45 | M43: 29K-139.05 | N43: Lê Đức Bách | O43: 989852112
A44: 45660 | B44: Mai Linh ND | C44: 48800 | G44: =E44+D44+C44+F44 -> 48800 | H44: =ROUNDUP(C44/500,0) -> 98 | I44: =ROUNDUP(D44/500,0) -> 0 | J44: =ROUNDUP(E44/500,0) -> 0 | K44: =ROUNDUP(F44/500,0) -> 0 | L44: =SUM(H44:K44) -> 98 | M44: 29K-139.05 | N44: Lê Đức Bách | O44: 989852112
A45: 45660 | B45: Bình An TB | C45: 60500 | G45: =E45+D45+C45+F45 -> 60500 | H45: =ROUNDUP(C45/500,0) -> 121 | I45: =ROUNDUP(D45/500,0) -> 0 | J45: =ROUNDUP(E45/500,0) -> 0 | K45: =ROUNDUP(F45/500,0) -> 0 | L45: =SUM(H45:K45) -> 121 | M45: 29K-139.05 | N45: Lê Đức Bách | O45: 989852112
A46: 45660 | B46: Lương Nguyễn TB | C46: 50500 | G46: =E46+D46+C46+F46 -> 50500 | H46: =ROUNDUP(C46/500,0) -> 101 | I46: =ROUNDUP(D46/500,0) -> 0 | J46: =ROUNDUP(E46/500,0) -> 0 | K46: =ROUNDUP(F46/500,0) -> 0 | L46: =SUM(H46:K46) -> 101 | M46: 29K-139.05 | N46: Lê Đức Bách | O46: 989852112
A47: 45660 | B47: Trung Mùi TB | C47: 39500 | G47: =E47+D47+C47+F47 -> 39500 | H47: =ROUNDUP(C47/500,0) -> 79 | I47: =ROUNDUP(D47/500,0) -> 0 | J47: =ROUNDUP(E47/500,0) -> 0 | K47: =ROUNDUP(F47/500,0) -> 0 | L47: =SUM(H47:K47) -> 79 | M47: 29K-139.05 | N47: Lê Đức Bách | O47: 989852112
A48: 45660 | B48: Lan Phương TB | C48: 137500 | G48: =E48+D48+C48+F48 -> 137500 | H48: =ROUNDUP(C48/500,0) -> 275 | I48: =ROUNDUP(D48/500,0) -> 0 | J48: =ROUNDUP(E48/500,0) -> 0 | K48: =ROUNDUP(F48/500,0) -> 0 | L48: =SUM(H48:K48) -> 275 | M48: 29K-139.05 | N48: Lê Đức Bách | O48: 989852112
A49: 45660 | B49: Lan Anh BN | C49: 7600 | D49: 170000 | G49: =E49+D49+C49+F49 -> 177600 | H49: =ROUNDUP(C49/500,0) -> 16 | I49: =ROUNDUP(D49/500,0) -> 340 | J49: =ROUNDUP(E49/500,0) -> 0 | K49: =ROUNDUP(F49/500,0) -> 0 | L49: =SUM(H49:K49) -> 356 | M49: 29B-189.64 | N49: Nguyễn Trọng Tấn | O49: 967884730
A50: 45660 | B50: Lê Thị Viện BN | C50: 35700 | G50: =E50+D50+C50+F50 -> 35700 | H50: =ROUNDUP(C50/500,0) -> 72 | I50: =ROUNDUP(D50/500,0) -> 0 | J50: =ROUNDUP(E50/500,0) -> 0 | K50: =ROUNDUP(F50/500,0) -> 0 | L50: =SUM(H50:K50) -> 72 | M50: 29B-189.64 | N50: Nguyễn Trọng Tấn | O50: 967884730
A51: 45660 | B51: Trung chuyển QO NT | C51: 300000 | G51: =E51+D51+C51+F51 -> 300000 | H51: =ROUNDUP(C51/500,0) -> 600 | I51: =ROUNDUP(D51/500,0) -> 0 | J51: =ROUNDUP(E51/500,0) -> 0 | K51: =ROUNDUP(F51/500,0) -> 0 | L51: =SUM(H51:K51) -> 600 | M51: 29G-023.49 | N51: Hoàng Minh Thịnh | O51: 989118712
A52: 45660 | B52: Trung chuyển QO NT | C52: 300000 | G52: =E52+D52+C52+F52 -> 300000 | H52: =ROUNDUP(C52/500,0) -> 600 | I52: =ROUNDUP(D52/500,0) -> 0 | J52: =ROUNDUP(E52/500,0) -> 0 | K52: =ROUNDUP(F52/500,0) -> 0 | L52: =SUM(H52:K52) -> 600 | M52: 29K-079.24 | N52: Trần Xuân Trường | O52: 974392325
A53: 45660 | B53: Trung chuyển QO NT | C53: 300000 | G53: =E53+D53+C53+F53 -> 300000 | H53: =ROUNDUP(C53/500,0) -> 600 | I53: =ROUNDUP(D53/500,0) -> 0 | J53: =ROUNDUP(E53/500,0) -> 0 | K53: =ROUNDUP(F53/500,0) -> 0 | L53: =SUM(H53:K53) -> 600 | M53: 29K-137.54 | N53: Phạm Văn Hải | O53: 964343887
G54: =E54+D54+C54+F54 -> 0 | H54: =ROUNDUP(C54/500,0) -> 0 | I54: =ROUNDUP(D54/500,0) -> 0 | J54: =ROUNDUP(E54/500,0) -> 0 | K54: =ROUNDUP(F54/500,0) -> 0 | L54: =SUM(H54:K54) -> 0
G55: =E55+D55+C55+F55 -> 0 | H55: =ROUNDUP(C55/500,0) -> 0 | I55: =ROUNDUP(D55/500,0) -> 0 | J55: =ROUNDUP(E55/500,0) -> 0 | K55: =ROUNDUP(F55/500,0) -> 0 | L55: =SUM(H55:K55) -> 0
G56: =E56+D56+C56+F56 -> 0 | H56: =ROUNDUP(C56/500,0) -> 0 | I56: =ROUNDUP(D56/500,0) -> 0 | J56: =ROUNDUP(E56/500,0) -> 0 | K56: =ROUNDUP(F56/500,0) -> 0 | L56: =SUM(H56:K56) -> 0
G57: =E57+D57+C57+F57 -> 0 | H57: =ROUNDUP(C57/500,0) -> 0 | I57: =ROUNDUP(D57/500,0) -> 0 | J57: =ROUNDUP(E57/500,0) -> 0 | K57: =ROUNDUP(F57/500,0) -> 0 | L57: =SUM(H57:K57) -> 0
G58: =E58+D58+C58+F58 -> 0 | H58: =ROUNDUP(C58/500,0) -> 0 | I58: =ROUNDUP(D58/500,0) -> 0 | J58: =ROUNDUP(E58/500,0) -> 0 | K58: =ROUNDUP(F58/500,0) -> 0 | L58: =SUM(H58:K58) -> 0
G59: =E59+D59+C59+F59 -> 0 | H59: =ROUNDUP(C59/500,0) -> 0 | I59: =ROUNDUP(D59/500,0) -> 0 | J59: =ROUNDUP(E59/500,0) -> 0 | K59: =ROUNDUP(F59/500,0) -> 0 | L59: =SUM(H59:K59) -> 0
G60: =E60+D60+C60+F60 -> 0 | H60: =ROUNDUP(C60/500,0) -> 0 | I60: =ROUNDUP(D60/500,0) -> 0 | J60: =ROUNDUP(E60/500,0) -> 0 | K60: =ROUNDUP(F60/500,0) -> 0 | L60: =SUM(H60:K60) -> 0
G61: =E61+D61+C61+F61 -> 0 | H61: =ROUNDUP(C61/500,0) -> 0 | I61: =ROUNDUP(D61/500,0) -> 0 | J61: =ROUNDUP(E61/500,0) -> 0 | K61: =ROUNDUP(F61/500,0) -> 0 | L61: =SUM(H61:K61) -> 0
G62: =E62+D62+C62+F62 -> 0 | H62: =ROUNDUP(C62/500,0) -> 0 | I62: =ROUNDUP(D62/500,0) -> 0 | J62: =ROUNDUP(E62/500,0) -> 0 | K62: =ROUNDUP(F62/500,0) -> 0 | L62: =SUM(H62:K62) -> 0
G63: =E63+D63+C63+F63 -> 0 | H63: =ROUNDUP(C63/500,0) -> 0 | I63: =ROUNDUP(D63/500,0) -> 0 | J63: =ROUNDUP(E63/500,0) -> 0 | K63: =ROUNDUP(F63/500,0) -> 0 | L63: =SUM(H63:K63) -> 0
G64: =E64+D64+C64+F64 -> 0 | H64: =ROUNDUP(C64/500,0) -> 0 | I64: =ROUNDUP(D64/500,0) -> 0 | J64: =ROUNDUP(E64/500,0) -> 0 | K64: =ROUNDUP(F64/500,0) -> 0 | L64: =SUM(H64:K64) -> 0
G65: =E65+D65+C65+F65 -> 0 | H65: =ROUNDUP(C65/500,0) -> 0 | I65: =ROUNDUP(D65/500,0) -> 0 | J65: =ROUNDUP(E65/500,0) -> 0 | K65: =ROUNDUP(F65/500,0) -> 0 | L65: =SUM(H65:K65) -> 0
... G324: =E324+D324+C324+F324 -> 0 | H324: =ROUNDUP(C324/500,0) -> 0 | I324: =ROUNDUP(D324/500,0) -> 0 | J324: =ROUNDUP(E324/500,0) -> 0 | K324: =ROUNDUP(F324/500,0) -> 0 | L324: =SUM(H324:K324) -> 0

Sheet mẫu gửi TLTL
A2: Công ty X.E Việt Nam kính báo: Ngày 21/10/2024 Lái xe : Phạm Văn Hải Bks : 29G-023.11 Sđt : 0964343887 Sẽ vận chuyển đơn hàng 221 thùng lấy tại NT, QO như sau ạ : | B2: Công ty X.E Việt Nam kính báo: Ngày 4/11/2024 Lái xe : Lê Công Vinh Bks : 29B-189.64 Sđt : 0949502669 Sẽ vận chuyển đơn hàng 430 thùng lấy tại NT như sau ạ : | C2: Kính gửi P. AN-BV Công ty X.E Việt Nam kính báo: Hiện tại X.E Việt Nam có 2 xe biển kiểm soát 29K-069.35 và 29G-023.25 chở hàng trung chuyển từ Quốc Oai về Nguyễn Trãi nhưng chưa được hạ hàng. Công ty vận tải X.E xin đăng ký gửi tại 235 Nguyễn Trãi Nguyễn Trãi từ 18h ngày 16/11 đến sáng ngày 18/11 để trả hàng. Trân trọng cảm ơn!
A3: Công ty X.E Việt Nam kính báo: Ngày 22/10/2024 Lái xe : Phan Trung Thành Bks : 29K-069.35 Sđt : 0981636699 Sẽ vận chuyển đơn hàng 417 thùng lấy tại NT, QO như sau ạ : | B3: Công ty X.E Việt Nam kính báo: Ngày 22/10/2024 Lái xe : Nguyễn Trọng Tấn Bks : 29G-023.19 Sđt : 0967884730 Sẽ vận chuyển đơn hàng 401 thùng lấy tại NT, QO như sau ạ :
A4: Công ty X.E Việt Nam kính báo: Ngày 22/10/2024 Lái xe : Mai Văn Long Bks : 29G-023.25 Sđt : 0971106882 Sẽ vận chuyển đơn hàng 417 thùng lấy tại NT, QO như sau ạ : | B4: Công ty X.E Việt Nam kính báo: Ngày 22/10/2024 Lái xe : Phan Lưu Trường Bks : 29K-067.11 Sđt : 0326522825 Sẽ vận chuyển đơn hàng 401 thùng lấy tại NT, QO như sau ạ : | C4: THÔNG TIN XE CHẠY ANVIET NGÀY 12/12/2024 1. Xe chạy nội kho KCN VISIP Bắc Ninh Tên tài xế: Mai Văn Long Biển số xe: 29G-023.25 Số điện thoại: 0971106882 Đăng kiểm: https://drive.google.com/drive/folders/1l0um_okaiNkRH7fwiDjUv3rOIv9iXsoA?hl=vi 2. Xe chạy Thường Tín về Long Biên Tên tài xế: Nguyễn Văn Sang Biển số xe: 29K-068.20 Số điện thoại: 0969820625 Đăng kiểm: https://drive.google.com/drive/folders/1_wIpkUtAZXO0RzUVhFZGmXepKMj-M8bN?hl=vi
A5: Công ty X.E Việt Nam kính báo: Ngày 11/10/2024 Lái xe : Lê Văn Giang Bks : 29K-063.74 Sđt : 0961571433 Sẽ vận chuyển đơn hàng lấy 500 thùng tại NT , QO như sau ạ : | B5: Công ty X.E Việt Nam kính báo: Ngày 21/10/2024 Lái xe : Trần Xuân Trường Bks : 29K-079.24 Sđt : 0974392325 Sẽ vận chuyển đơn hàng 552 thùng lấy tại NT, QO như sau ạ :
A6: Công ty X.E Việt Nam kính báo: Ngày 07/11/2024 Lái xe : Lê Mạnh Cường Bks : 29G-023.20 Sđt : 0923453896 Sẽ vận chuyển đơn hàng 424 thùng lấy tại NT, QO như sau ạ : | B6: Công ty X.E Việt Nam kính báo: Ngày 04/11/2024 Lái xe : Nguyễn Văn Anh Bks : 29K-068.24 Sđt : 0974072826 Sẽ vận chuyển đơn hàng 424 thùng lấy tại NT, QO như sau ạ :
A7: Công ty X.E Việt Nam kính báo: Ngày 07/11/2024 Lái xe : Nguyễn Văn Sang Bks : 29K-068.20 Sđt : 0969820625 Sẽ vận chuyển đơn hàng 424 thùng lấy tại NT, QO như sau ạ : | B7: Công ty X.E Việt Nam kính báo: Ngày 09/12/2024 Lái xe : Hoàng Minh Thịnh Bks : 29G-023.49 Sđt : 0989118712 Sẽ vận chuyển đơn hàng 672 thùng lấy tại NT, QO như sau ạ:
A8: Công ty X.E Việt Nam kính báo: Ngày 07/11/2024 Lái xe : Nguyễn Xuân Nam Bks : 29G-023.49 Sđt : 0776874999 Sẽ vận chuyển đơn hàng 424 thùng lấy tại NT, QO như sau ạ : | B8: Công ty X.E Việt Nam kính báo: Ngày 27/12/2024 Lái xe : Lê Đức Bách Bks : 29G-023.20 Sđt : 0989852112 Sẽ vận chuyển đơn hàng 424 thùng lấy tại NT, QO như sau ạ :
A9: Công ty X.E Việt Nam kính báo: Ngày 26/12/2024 Lái xe: Nguyễn Đức Thiên Bks : 29G-023.20 Sđt : 0974172336 Sẽ vận chuyển đơn hàng 403 thùng lấy tại NT QO như sau ạ :

Sheet PS
A1: Dự án | B1: Ngày | C1: Thời gian bốc | D1: Điểm lấy hàng | E1: Điểm trả hàng | F1: BSX | G1: Lái xe | H1: SĐT | I1: Giá cước (VNĐ) | J1: Ghi chú
A2: Hưng Toàn Phát | B2: 45574 | C2: 0.625 | D2: VP TC Phạm Tu | E2: Vinh, Nghệ An | F2: 29G-023.25 | G2: Trần Xuân Trường | H2: 0974392325 | I2: 6000000
A3: TN BIKE | B3: 45574 | C3: 0.58333333 | D3: NM Thống Nhất: Cụm Công nghiệp vừa và nhỏ Từ Liêm, Lô A2CN3, Bắc Từ Liêm, Hà Nội | E3: Đường số 10, KCN Hòa Khánh, Phường Hòa Khánh Bắc, Quận Liên Chiểu, Thành phố Đà Nẵng, Việt Nam | F3: 29B-189.64 | G3: Mai Văn Long | H3: 0971106882 | I3: 14000000 | J3: PS 1tr bốc hàng ở ĐN
A4: ICCI-Hoá chất | B4: 45576 | C4: 9h-9h30 | D4: Quế Võ, Bắc Ninh | E4: Quảng Xương, Thanh Hoá | F4: 29G-023.30 | I4: 1000000 | J4: Ghép với xe MH
A5: Hưng Toàn Phát | B5: 11.10.24 | C5: 16h - 17h | D5: Nghi Long, Nghi Lộc, Nghệ An | F5: 29B-189.64 | G5: Mai Văn Long | H5: 0971106882 | I5: 1200000 | J5: Chưa biết giá, ps 120k thuê áo phản quang, dụng cụ chèn lốp
A6: Hưng Toàn Phát | B6: 45579 | C6: 13-14h | D6: Hà Đông | E6: Hồng Lĩnh + TP Hà Tĩnh | F6: 29G-023.49 | G6: Lê Văn Giang | H6: 0961571433 | I6: 6700000 | J6: Chưa biết giá chính xác
A7: Công ty | B7: 45582 | C7: 15h | D7: Mỹ Đình | E7: Phú Thọ | F7: 29H-464.01 | G7: Đầu Xuân Thành | H7: 0912283331 | J7: Hàng từ thiện
A8: VIGO-Tạp Hoá | B8: 45582 | C8: 8h | D8: Mega Thăng Long: 236 Đ. Phạm Văn Đồng, Cổ Nhuế, Bắc Từ Liêm, Hà Nội | E8: Cty TNHH Bảo Đức KM 16 QL 32 thị trấn Trạm Trôi, Hoài Đức, Hà Nội | F8: 29K-067.25 | G8: Khổng Quốc Hải | H8: 0912385576 | I8: 1000000
A9: Hưng Toàn Phát | B9: 45582 | C9: 13h | D9: 928 Bạch Đằng + Phạm Tu Hà Nội | E9: Hà Tĩnh | F9: 29G-023.49 | G9: Lê Văn Giang | H9: 0961571433 | I9: 7000000 | J9: Giá chưa chuẩn
A10: ICCI-Hoá chất | B10: 45584 | C10: 14h | D10: Quế Võ, Bắc Ninh | E10: 2 bồn gầm cầu Thăng Long HN + 3 bồn Sân bay Quảng Trị + 7 bồn đường Tránh Hồng Lĩnh, Hà Tĩnh | F10: 36H-007.91 | G10: Ma Văn Vinh | H10: 0985580241 | I10: 12500000 | J10: xe anh Long chạy
A11: VIGO-Tạp Hoá | B11: 45587 | C11: 9h30 | D11: 14 chương dương quận Hoàn Kiếm, HN | E11: Tổ 5 Phường Hữu Nghị, Thành Phố Hòa Bình, Tỉnh Hòa Bình | F11: 29K-067.25 | G11: Khổng Quốc Hải | H11: 0912385576 | I11: 1500000 | J11: 1350k tiền xe 150k tiền bốc hàng của lái xe
A12: VIGO-Tạp Hoá | B12: 45589 | C12: 8h | D12: Chị Minh : 0969805135. Đường 10, Đông hạ, Ninh Phúc, TP. Ninh Bình | E12: Tổ 5 Phường Hữu Nghị, Thành Phố Hòa Bình, Tỉnh Hòa Bình | F12: 29H-743.40 | G12: Nguyễn Xuân Thế | H12: 387151811 | I12: 1660000 | J12: 1tr6 cước và 60k công bốc
A13: Hưng Toàn Phát | B13: 45588 | C13: 10H | D13: Ngõ 118 đường Nguyễn Khánh Toàn + B2, TT9 khu đô thị mới Xuân Phương, Nam Từ Liêm, Hà Nội | E13: Số 6 ngõ 27 Chùa Thông, Sơn Lộc, thị xã Sơn Tây, Hà Nội | F13: 29G-023.14 | G13: Trần Văn Sơn | H13: 0966120021 | I13: 1080000
A14: ICCI-Hoá chất | B14: 45596 | C14: 9h | D14: Quế Võ, Bắc Ninh | E14: IC9 Phú Thọ | F14: 29K-067.11 | G14: Phạm Văn Hải | H14: 0964343887 | I14: 2500000
A15: AEON Sếp Nam | B15: 45597 | C15: 15h | D15: TP HCM | E15: Hà Nội | F15: 29K-079.24 | G15: Trần Xuân Trường | H15: 0974392325 | I15: 13500000 | J15: Chưa xuất hoá đơn, chưa nhận đc tiền
A16: AEON Sếp Nam | B16: 45597 | C16: 15h | D16: TP HCM | E16: Hà Nội | F16: 29K-063.74 | G16: Lê Văn Giang | H16: 0961571433 | I16: 13500000
A17: AEON Sếp Nam | B17: 45597 | C17: 15h | D17: TP HCM | E17: Hà Nội | F17: 29K-09.35 | G17: Nguyễn Thành Hưng | H17: 0915008283 | I17: 13500000
A18: VIGO-Tạp Hoá | B18: 45601 | C18: 9h | D18: 14 chương dương quận Hoàn Kiếm, HN - Đăng Lê 0963839484 | E18: Tổ 5 Phường Hữu Nghị, Thành Phố Hòa Bình, Tỉnh Hòa Bình | F18: 29K-067.25 | G18: Lê Công Vinh | H18: 0949502669 | I18: 1350000 | J18: 1tr350 cước hàng + 150k công bốc
A19: ICCI-Hoá chất | B19: 45607 | C19: 15h | D19: Nghệ An | E19: Quế Võ, Bắc Ninh | F19: 29G-023.49 | G19: Lê Văn Giang | H19: 0961571433 | I19: 2000000 | J19: Chưa chốt giá 10 vỏ bồn
A20: ANVIET | B20: 45609 | C20: 22h | D20: Hà Nội - Yên Bái | E20: Lào Cai | F20: 29K-069.35 | G20: Phan Trung Thành | H20: 0981636699 | I20: 6500000 | J20: Ngược lại
A21: Công ty | B21: 45616 | C21: 9h | D21: Uông Bí - Quảng Ninh | E21: Thăng Long, Hà Nội | F21: 29G-023.49 | G21: Trần Tuấn Cương | H21: 0896689906 | I21: 1000000 | J21: Hàng quay đầu xe Cương đi UB
A22: VIGO-Tạp Hoá | B22: 45617 | C22: 9h | D22: - 14 Chương Dương Độ Quận HOÀN KIẾM, Hà Nội Việt Nam - Đăng Lê 0963839484 - Xóm Đoàn Kết, Xã Đông Tảo, Huyện Khoái Châu , Tỉnh Hưng Yên, Việt Nam - 0961233340 | E22: Tổ 5 Phường Hữu Nghị, Thành Phố Hòa Bình, Tỉnh Hòa Bình - 0965199960 | F22: 29G-023.25 | G22: Mai Văn Long | H22: 0971106882 | I22: 3000000 | J22: Lái xe thanh toán 375k tiền hạ hàng tại Hoà Bình
A23: ICCI-Hoá chất | B23: 45618 | C23: 19h | D23: Quảng Thuận, Ba Đồn, Quảng Bình | E23: Quế Võ, Bắc Ninh | F23: 29K-067.11 | G23: Trần Tuấn Cương | H23: 0896689906 | I23: 2250000 | J23: Chưa chốt giá - 10 vỏ bồn
A24: ICCI-Hoá chất | B24: 45622 | C24: 8h | D24: Quảng Thuận, Ba Đồn, Quảng Bình | E24: Quế Võ, Bắc Ninh | F24: 29G-023.25 | G24: Mai Văn Long | H24: 0971106882 | I24: 1500000 | J24: Chưa chốt giá - 7 vỏ bồn
A25: ICCI-Hoá chất | B25: 45622 | C25: 9h | D25: Quế Võ, Bắc Ninh | E25: Hà Tĩnh | F25: 38F-007.11 | G25: Trần Xuân Trường | H25: 0974392325 | I25: 5000000 | J25: 5 bồn, chở vỏ ra
A26: VIGO-Tạp Hoá | B26: 45622 | C26: 9h | D26: 14 chương dương quận Hoàn Kiếm, HN - Đăng Lê 0963839484 | E26: Lô A13 đường N1 KCN Hòa Xá, Lộc Hòa, Nam Định - anh Tiệp 0913012157 | F26: 29K-067.11 | G26: Lê Công Vinh | H26: 0949502669 | I26: 1800000 | J26: gọi cho người nhận trước 2 tiếng
A27: Hưng Toàn Phát | B27: 45622 | C27: 15h | D27: Hưng Yên | E27: Đà Nẵng | F27: 29G-023.20 | G27: Lê Mạnh Cường | H27: 0923453896 | I27: 9000000
A28: ICCI-Hoá chất | B28: 45625 | C28: 9h | D28: Quế Võ, Bắc Ninh | E28: Thường tin | F28: 29G-023.14 | I28: 1000000 | J28: Ghép với xe MH
A29: Đức Minh | B29: 45626 | C29: 7h | D29: Đơn 1 - 7.1T Kho Phú Thuỵ | E29: Ninh Bình + Nam Định | F29: 29G-023.19 | G29: Nguyễn Trọng Tấn | H29: 0967884730 | I29: 2500000
A30: Đức Minh | B30: 45626 | C30: 8h | D30: Đơn 2 - 2.5T Kho Phú Thuỵ | E30: Moonlight - Trần Quốc Hoàn, Dịch Vọng Hậu cầu giấy 2.010kg + Metro Hoàng Mai 550kg | F30: 29G-023.46 | G30: Nguyễn Văn Anh | H30: 0974072826 | I30: =900000+3690+29725 -> 933415
A31: Đức Minh | B31: 45626 | C31: 8h | D31: Đơn 3 - 2.5T Kho Phú Thuỵ | E31: Metro Hải Phòng 1.8T + Vin Hải Phòng 84kg | F31: 29H-737.03 | G31: Phan Trung Thành | H31: 0981636699 | I31: =1605043+72570+18840+23520 -> 1719973
A32: Đức Minh | B32: 45626 | C32: 9h | D32: Đơn 4- 5T Kho Bắc Ninh | E32: Phúc Hà 3819 + Trí Tài 822/5 tấn - bốc 9h - 110 thùng XX lắc + 6 ĐL​18:05 | F32: 29K-067.11 | G32: Trần Xuân Trường | H32: 0974392325 | I32: 1750000
A33: Đức Minh | B33: 45626 | C33: 8h | D33: Đơn bánh ở KCN Phố nối bốc 2 kho gần nhau | E33: Phổ Yên Thái Nguyên rơi vào 41 CBM | F33: 29G-023.25 | G33: Mai Văn Long | H33: 0971106882 | I33: 2500000 | J33: lên vxr ngày 5/12
A34: Đức Minh | B34: 45631 | C34: 7h30 | D34: Đơn bánh ở KCN Phố nối bốc 2 kho gần nhau | E34: Ứng Hòa rơi vào 32 CBM | F34: 29K-079.24 | G34: Trần Xuân Trường | H34: 974392325 | I34: 1800000
A35: Đức Minh | B35: 45631 | C35: 13h30 | D35: Đơn bánh ở KCN Phố nối bốc 2 kho gần nhau | E35: Thường Tín rơi vào 30 CBM | F35: 29G-023.11 | G35: Phạm Văn Hải | H35: 964343887 | I35: 1800000
A36: VIGO-Tạp Hoá | B36: 45633 | C36: 9h | D36: 14 Chương Dương Độ Đăng Lê 0963839484 + 807 Minh Khai, Hà Nội 0868231487 chị Hiền | E36: Tổ 5 Phường Hữu Nghị, Thành Phố Hòa Bình, Tỉnh Hòa Bình - 0965199960 | F36: 29G-023.20 | G36: Mai Văn Long | H36: 971106882 | I36: 1800000
A37: Đức Minh | B37: 45633 | C37: 9h30 | D37: Phố Nối | E37: Nam Từ Liêm | F37: 29K-068.24 | G37: Nguyễn Văn Anh | H37: 974072826 | I37: 1900000
A38: VIGO-Tạp Hoá | B38: 45635 | C38: 9h | D38: 14 Chương Dương Độ Đăng Lê 0963839484 | E38: Lô A13 đường N1 KCN Hòa Xá, TP Nam Định + Ngõ 2A Phạm Thận Duật kéo dài - phố Đông Sơn - p. Bích Đào - TPNB | F38: 29K-067.11 | G38: Phan Lưu Trường | H38: 326522825 | I38: 2400000
A39: Đức Minh | B39: 45636 | C39: 8h | D39: Phố Nối | E39: Thái Nguyên | F39: 29G-023.25 | G39: Mai Văn Long | H39: 971106882 | I39: 2500000
A40: Đức Minh | B40: 45637 | C40: 8h | D40: Phố Nối | E40: Thường Tín | F40: 29K-068.24 | G40: Nguyễn Văn Anh | H40: 974072826 | I40: 2000000
A41: Đức Minh | B41: 45637 | C41: 7h30 | D41: Hưng Yên | E41: Ngọc Hồi | F41: 29K-069.35 | G41: Trần Xuân Trường | H41: 974392325 | I41: 1600000
A42: Đức Minh | B42: 45638 | C42: 7h30 | D42: Phố Nối | E42: Bắc Ninh | F42: 29K-069.35 | G42: Phan Trung Thành | H42: 981636699 | I42: 3500000 | J42: lên hàng vexere ngày 13/12
A43: Đức Minh | B43: 45638 | C43: 7h30 | D43: Phố Nối | E43: Hoài Đức | F43: 29B-189.64 | G43: Lê Công Vinh | H43: 949502669 | I43: 1500000 | J43: lên hàng vexere ngày 13/12
A44: Đức Minh | B44: 45638 | C44: 7h30 | D44: Phố Nối | E44: Bắc Ninh | F44: 29K-068.20 | G44: Nguyễn Văn Sang | H44: 969820625 | I44: 2000000 | J44: lên hàng vexere ngày 13/12
A45: Công ty | B45: 45640 | C45: 13h | D45: Uông Bí - Quảng Ninh | E45: Hưng Yên + Hà Nội | F45: 29G-023.11 | G45: Phạm Văn Hải | H45: 964343887 | I45: 1000000 | J45: Hàng quay đầu xe Hải đi UB
A46: ANVIET | B46: 45638 | C46: 15h | D46: VISIP BẮC NINH | E46: VISIP BẮC NINH | F46: 29G-023.25 | G46: Mai Văn Long | H46: 971106882 | I46: 3000000 | J46: 3 chuyến nội kho
A47: ANVIET | B47: 45638 | C47: 18h | D47: Thường Tín | E47: Long Biên | F47: 29K-063.74 | G47: Lê Văn Giang | H47: 961571433 | I47: 3000000 | J47: 1 chuyến
A48: ANVIET | B48: 45639 | C48: 15h | D48: VISIP BẮC NINH | E48: VISIP BẮC NINH | F48: 29K-079.24 | G48: Trần Xuân Trường | H48: 974392325 | I48: 4000000 | J48: 4 chuyến
A49: ANVIET | B49: 45639 | C49: 18h | D49: BẮC NINH | E49: LONG BIÊN | F49: 29K-068.20 | G49: Nguyễn Văn Sang | H49: 969820625 | I49: 3600000 | J49: 2 chuyến
A50: ANVIET | B50: 45640 | C50: 15h | D50: VISIP BẮC NINH | E50: VISIP BẮC NINH | F50: 29G-023.49 | G50: Hoàng Minh Thịnh | H50: 989118712 | I50: 3000000 | J50: 3 chuyến
A51: ANVIET | B51: 45640 | C51: 18h | D51: BẮC NINH | E51: LONG BIÊN | F51: 29K-068.24 | G51: Nguyễn Văn Anh | H51: 974072826 | I51: 3600000 | J51: 2 chuyến
A52: VIGO-Tạp Hoá | B52: 45644 | C52: 9h | D52: 14 Chương Dương Độ - Đăng Lê 0963839484 | E52: Ngõ 2A Đường Phạm Thận Quật kéo dài - phố Đông Sơn - p. Bích Thảo - tp Ninh Bình | F52: 29K-067.11 | G52: Phan Lưu Trường | H52: 326522825 | I52: 2000000
A53: Công ty | B53: 45643 | C53: 16h | D53: Uông Bí - Quảng Ninh | E53: Hà Nội | F53: 29G-023.11 | G53: Phạm Văn Hải | H53: 964343887 | I53: 1000000 | J53: Hàng quay đầu xe Hải đi UB
A54: Đức Minh | B54: 45645 | C54: 8h | D54: Phú Thị | E54: Phú Xuyên, Ninh Bình | F54: 29G-023.25 | G54: Mai Văn Long | H54: 971106882 | I54: 3200000
A55: AEON Sếp Nam | B55: 45647 | C55: 14h | D55: Hà Nội | E55: Huế | F55: 29K-063.74 | G55: Lê Văn Giang | H55: 961571433 | I55: 12000000
A56: Hưng Toàn Phát | B56: 45650 | C56: 3h | D56: Hà Nội | E56: Vinh | F56: 29G-023.25 | G56: Mai Văn Long | H56: 971106882 | I56: 5000000
A57: AEON Sếp Nam | B57: 45651 | C57: 14h | D57: Hà Nội | E57: Huế | F57: 29K-079.24 | G57: Trần Xuân Trường | H57: 974392325 | I57: 12000000 | J57: nhập vexere ngày 27/12
A58: ICCI-Hoá chất | B58: 45653 | C58: 14h | D58: Quế Võ, Bắc Ninh | E58: Hồng Lĩnh, Hà Tĩnh | F58: 29K-068.20 | G58: Nguyễn Văn Sang | H58: 969820625 | I58: 9000000 | J58: đã nhập VXR
A59: Đức Minh | B59: 45653 | C59: 14h | D59: Từ Liêm | E59: Hà Tĩnh | F59: 29G-023.49 | G59: Lê Mạnh Cường | H59: 0923453896 | I59: 7500000 | J59: đã nhập VXR
A60: VIGO-Tạp Hoá | B60: 45657 | C60: 9h | D60: Mega Thăng Long, Thanh Trì | E60: Ninh Bình | F60: 29G-023.20 | G60: Mai Văn Long | H60: 971106882 | I60: 2300000 | J60: 2,3tr + 700 công bốc hạ
A61: ANVIET | B61: 45659 | C61: 15h | D61: Thường Tín hoặc Nam Từ Liêm | E61: Long Biên | F61: 29K-063.74 | G61: Lê Văn Giang | H61: 961571433 | I61: 3500000 | J61: 2 chuyến | K61: nhập vxr ngày 4/1
A62: ANVIET | B62: 45659 | C62: 15h | D62: VISIP BẮC NINH | E62: VISIP BẮC NINH | F62: 29K-068.20 | G62: Nguyễn Văn Sang | H62: 969820625 | I62: 3500000 | J62: 1 chuyến | K62: nhập vxr ngày 4/1
A63: Đức Minh | B63: 45660 | C63: 8h | D63: Phú Thị | E63: Thường Tín | F63: 29K-136.97 | G63: Phạm Văn Hải B | H63: 379427150 | I63: 1750000 | K63: nhập vxr ngày 4/1
A64: Đức Minh | B64: 45660 | C64: 8h | D64: Phú Thị | E64: Thường Tín | F64: 29K-137.42 | G64: Nguyễn Đức Thiên | H64: 974172336 | I64: 1750000 | K64: nhập vxr ngày 4/1
A65: Viettel Transport | B65: 45660 | C65: 8h | D65: Long Biên | E65: Hải Dương | F65: 29G-023.46 | G65: Mai Văn Long | H65: 971106882 | I65: 1100000 | K65: nhập vxr ngày 4/1
A66: Đức Minh | B66: 45661 | C66: 8h | D66: Phố Nối | E66: Phú Thọ | F66: 29K-139.05 | G66: Lê Đức Bách | H66: 989852112 | I66: 2200000 | K66: đã nhập vxr
A67: Đức Minh | B67: 45661 | C67: 8h | D67: Phố Nối | E67: Ninh Bình | F67: 29K-136.97 | G67: Phạm Văn Hải B | H67: 379427150 | I67: 2500000 | K67: đã nhập vxr
A68: Đức Minh | B68: 45661 | C68: 8h | D68: Phố Nối | E68: Nam Đinh | F68: 29G-023.20 | G68: Lê Mạnh Cường | H68: 0923453896 | I68: 1950000 | K68: đã nhập vxr
A69: Đức Minh | B69: 45661 | C69: 8h | D69: Bắc Ninh | E69: Kiêu Kỵ | F69: 29K-137.42 | G69: Nguyễn Đức Thiên | H69: 974172336 | I69: 1700000 | K69: đã nhập vxr
A70: Viettel Transport | B70: 45662 | C70: 9h | D70: Phú Thị | E70: La Phù, Hà Đông | F70: 29K-137.42 | G70: Nguyễn Đức Thiên | H70: 974172336 | I70: 2500000 | J70: 2tr5+500 bốc hạ | K70: đã nhập vxr 6/1
A71: Đức Minh | B71: 45663 | C71: 9h | D71: Hà Nội | E71: Đà Nẵng | F71: 29K-134.59 | G71: Phạm Văn Hải B | H71: 379427150 | I71: 12500000 | K71: đã nhập vxr
A72: Đức Minh | B72: 45663 | C72: 9h | D72: Hà Nội | E72: Đà Nẵng | F72: 29K-139.05 | G72: Lê Đức Bách | H72: 989852112 | I72: 12500000 | K72: đã nhập vxr
A73: Viettel Transport | B73: 45663 | C73: 9h | D73: AEON LB | E73: Hải Dương | F73: 29G-023.20 | G73: Lê Mạnh Cường | H73: 0923453896 | I73: 1500000 | J73: 1,5tr + 1tr bốc hạ | K73: đã nhập vxr
A74: Viettel Transport | B74: 45663 | C74: 9h | D74: AEON LB | E74: La Phù, Hà Đông | F74: 29G-023.46 | G74: Phan Lưu Trường | H74: 326522825 | I74: 1200000 | K74: đã nhập vxr
A75: Viettel Transport | B75: 45663 | C75: 9h | D75: AEON RDC | E75: Bắc Giang | F75: 29G-023.11 | G75: Nguyễn Trọng Tấn | H75: 0967884730 | I75: 2200000 | J75: 2tr2 + 400k bốc hạ | K75: đã nhập vxr
A76: Đức Minh | B76: 45663 | C76: 9h | D76: Từ Liêm | E76: Thanh Hóa | F76: 29H-464.01 | G76: Nguyễn Đức Thiên | H76: 974172336 | I76: 1600000 | K76: đã nhập vxr
A77: Đức Minh | B77: 45663 | C77: 17h | D77: Phố Nối | E77: Vinh | F77: 29K-136.97 | G77: Phan Lưu Trường | H77: 326522825 | I77: 6200000
A78: Đức Minh | B78: 45664 | C78: 13h | D78: Phố Nối | E78: Hải Phòng | F78: 29B-189.64 | G78: Mai Văn Long | H78: 0971106882 | I78: 2300000
A79: VIGO-Tạp Hoá | B79: 45665 | C79: 13h | D79: HN | E79: Hòa Bình | F79: 29G-023.11 | G79: Hoàng Trọng Nam | H79: 974172336 | I79: 2500000 | J79: thêm 410k bốc xếp
A80: Đức Minh | B80: 45667 | C80: 13h | D80: Phố Nối | E80: Big C TL | F80: 29K-136.97 | G80: Phạm Văn Hải B | H80: 379427150 | I80: 1500000
A81: Đức Minh | B81: 45668 | C81: 9h | D81: Phố Nối | E81: Thường Tín | F81: 29K-134.59 | G81: Phan Lưu Trường | H81: 326522825 | I81: 1800000
A82: Đức Minh | B82: 45671 | C82: 9h | D82: Phố Nối | E82: Lạng Sơn | F82: 29K-067.25 | G82: Nguyễn Văn Sang | H82: 969820625 | I82: 2000000
A83: Đức Minh | B83: 45673 | C83: 14h | D83: Phố Nối | E83: Hà Tĩnh | G83: Nguyễn Trọng Tấn | I83: 6000000
A84: Hàng ngoài | B84: 45672 | D84: HCM | E84: Đà Nẵng - Huế | F84: 29K-139.05 | G84: Lê Đức Bách Nguyễn Đức Thiện | H84: 989852112 | I84: 13000000 | J84: Thiện nhận
A85: Hàng ngoài | B85: 45674 | D85: HCM | E85: Visip Bắc Ninh | F85: 29K-068.24 | G85: Nguyễn Văn Anh Ngô Đình Phiến | H85: 974072826 | I85: 18000000 | J85: anh Tuyền nhận
A94: Hưng Toàn Phát
A95: ICCI-Hoá chất
A96: VIGO-Tạp Hoá
A97: Công ty
A98: ANVIET
A99: VT
A100: TN BIKE
A101: Hàng ngoài
A102: Đức Minh
A103: FTG-Thanh Trì
A104: PANDA SCM
A105: AEON Sếp Nam
A106: Viettel Transport

Sheet Hàng ngoài
I1: =SUBTOTAL(9,I3:I333) -> 30000000
A2: STT | B2: Ngày vận chuyển | C2: Tải trọng | D2: BSX | E2: Lái xe | F2: SĐT | G2: Nơi nhận | H2: Nơi giao | I2: Giá cước (VNĐ) | J2: Ghi chú
A3: =ROW()-2 -> 1 | B3: 45582 | C3: 2.5 | D3: 29H-464.01 | E3: Đầu Xuân Thành | F3: 0912283331 | G3: Mỹ Đình | H3: Phú Thọ | J3: Hàng từ thiện
A4: =ROW()-2 -> 2 | B4: 45616 | C4: 8 | D4: 29G-023.49 | E4: Trần Tuấn Cương | F4: 0896689906 | G4: Uông Bí - Quảng Ninh | H4: Thăng Long, Hà Nội | I4: 1000000 | J4: Hàng quay đầu xe Cương đi UB
A5: =ROW()-2 -> 3 | B5: 45640 | C5: 6.5 | D5: 29G-023.11 | E5: Phạm Văn Hải | F5: 964343887 | G5: Uông Bí - Quảng Ninh | H5: Hưng Yên + Hà Nội | I5: 1000000 | J5: Hàng quay đầu xe Hải đi UB
A6: =ROW()-2 -> 4 | B6: 45643 | C6: 6.5 | D6: 29G-023.11 | E6: Phạm Văn Hải | F6: 964343887 | G6: Uông Bí - Quảng Ninh | H6: Hà Nội | I6: 1000000 | J6: Hàng quay đầu xe Hải đi UB
A7: =ROW()-2 -> 5 | B7: 45672 | C7: 8 | D7: 29K-139.05 | E7: Lê Đức Bách Nguyễn Đức Thiện | F7: 989852112 | G7: HCM | H7: Đà Nẵng - Huế | I7: 13000000 | J7: Thiện nhận
A8: =ROW()-2 -> 6 | B8: 45674 | C8: 8 | D8: 29K-068.24 | E8: Nguyễn Văn Anh Ngô Đình Phiến | F8: 974072826 | G8: HCM | H8: Visip Bắc Ninh | I8: 14000000 | J8: anh Tuyền nhận

Sheet Bắc Nam
R1: =SUBTOTAL(9,R3:R3333281) -> #NAME?
A2: STT | B2: Ngày bốc hàng vào | C2: Giờ | D2: Điểm lấy hàng vào | E2: Điểm trả hàng vào | F2: Ngày hạ hàng dự kiến | G2: Giờ | H2: Tải trọng | I2: BSX | J2: Lái xe | K2: SĐT | L2: Ngày bốc hàng ra | M2: Giờ | N2: Điểm lấy hàng ra | O2: Điểm trả hàng ra | P2: Ngày hạ hàng dự kiến | Q2: Giờ | R2: Giá cước (VNĐ) | S2: Ghi chú
A3: =ROW()-2 -> 1 | B3: 45646 | C3: 23 | D3: Bắc Giang - Bắc Ninh - Thanh Hoá | E3: Cần Thơ | F3: =B3+2 -> 45648 | G3: =C3-4 -> 19 | H3: 8 | I3: 29K-069.35 | J3: Phan Trung Thành Nguyễn Xuân Nam | K3: 0981636699 0776874999 | L3: 45649 | M3: 20 | N3: Cần Thơ | O3: Hà Nội | P3: =L3+2 -> 45651 | Q3: =M3-4 -> 16 | R3: 32841084 | S3: Viettel Log
A4: =ROW()-2 -> 2 | B4: 45647 | C4: 23 | D4: Bắc Giang - Bắc Ninh | E4: Cần Thơ | F4: =B4+2 -> 45649 | G4: =C4-4 -> 19 | H4: 8 | I4: 29G-023.49 | J4: Lê Đức Bách Hoàng Minh Thịnh | K4: 0989852112 0989118712 | L4: =F4 -> 45649 | M4: =G4+4 -> 23 | N4: Cần Thơ | O4: Hà Nội | P4: =L4+2 -> 45651 | Q4: =M4-4 -> 19 | R4: 32841084 | S4: Viettel Log
A5: =ROW()-2 -> 3 | B5: 45651 | C5: 23 | D5: Quang Minh- Hà Nội | E5: Đồng Nai | F5: 45654 | G5: 39 | H5: 8 | I5: 29K-068.24 | J5: Nguyễn Văn Anh Phạm Văn Hải B | K5: 0974072826 0379427150 | R5: 25000000 | S5: FTG
A6: =ROW()-2 -> 4 | I6: 29K-068.24 | J6: Nguyễn Văn Anh Phạm Văn Hải B | K6: 0974072826 0379427150 | L6: 45656 | N6: HCM | O6: Hà Nội | P6: 45292 | R6: 13000000 | S6: AEON
A7: =ROW()-2 -> 5 | B7: 45667 | C7: 19 | D7: Quang Minh- Hà Nội | E7: Hồ Chí Minh | F7: 45670 | G7: =C7-4 -> 15 | H7: 8 | I7: 29K-139.05 | J7: Lê Đức Bách Nguyễn Đức Thiện | K7: 989852112 | L7: =F7 -> 45670 | R7: 24000000 | S7: J&T
H8: 8 | I8: 29K-139.05 | J8: Lê Đức Bách Nguyễn Đức Thiện | K8: 989852112 | L8: 45670 | N8: HCM | O8: Đà Nẵng - Huế | P8: 45672 | R8: 13000000 | S8: Thiện nhận
A9: =ROW()-2 -> 7 | B9: 45667 | C9: 21 | D9: Nam Định | E9: Hồ Chí Minh | F9: 45670 | H9: 15 | I9: 29K-079.24 | J9: Trần Xuân Trường Nguyễn Tiến Công | K9: 974392325 | L9: =F9 -> 45670 | R9: 28000000 | S9: J&T
H10: 15 | I10: 29K-079.24 | J10: Trần Xuân Trường Nguyễn Tiến Công | K10: 974392325 | L10: 45670 | N10: HCM | O10: Hà Nội | P10: 45672 | R10: 17000000 | S10: AEON
A11: =ROW()-2 -> 9 | B11: 45668 | C11: 9 | D11: Yên Mỹ - Hưng Yên | E11: Hồ Chí Minh | F11: 45670 | H11: 8 | I11: 29K-068.24 | J11: Nguyễn Văn Anh Ngô Đình Phiến | K11: 974072826 | L11: 45671 | R11: 24000000 | S11: J&T
A12: =ROW()-2 -> 10 | H12: 8 | I12: 29K-068.24 | J12: Nguyễn Văn Anh Ngô Đình Phiến | K12: 974072826 | L12: 45672 | N12: HCM | O12: Visip Bắc Ninh | P12: 45674 | R12: 14000000 | S12: anh Tuyền nhận
A13: =ROW()-2 -> 11 | B13: 45672 | D13: Yên Mỹ - Hưng Yên | E13: Thái Nguyên | H13: 8 | I13: 29K-136.97 | J13: Phạm Văn Hải B | K13: 379427150 | L13: =F13 -> 0 | S13: J&T
A14: =ROW()-2 -> 12 | B14: 45672 | D14: Quang Minh- Hà Nội | E14: Nam Định | H14: 8 | I14: 29G-023.25 | J14: Hoàng Minh Thịnh | K14: 989118712 | L14: =F14 -> 0 | S14: J&T
A15: =ROW()-2 -> 13 | B15: 45672 | D15: Yên Mỹ - Hưng Yên | E15: Hồ Chí Minh | F15: 45674 | H15: 15 | I15: 29K-079.24 | J15: Trần Xuân Trường Mai Văn Long | K15: 974392325 | L15: =F15 -> 45674 | R15: 28000000 | S15: J&T

Sheet T1.2025
B1: Tháng | C1: 45658
C2: =COUNTA(C5:C449) -> 36 | D2: =COUNTA(D5:D52) -> 37
A3: STT | B3: Chức danh | C3: BSX | D3: Họ tên | E3: SĐT | F3: Tải trọng | G3: TLTL | H3: Dự án | I3: =+C1 -> 45658 | J3: =+I3+1 -> 45659 | K3: =+J3+1 -> 45660 | L3: =+K3+1 -> 45661 | M3: =+L3+1 -> 45662 | N3: =+M3+1 -> 45663 | O3: =+N3+1 -> 45664 | P3: =+O3+1 -> 45665 | Q3: =+P3+1 -> 45666 | ... AM3: =+AL3+1 -> 45688 | AN3: Tổng công
I4: =+IF(WEEKDAY(I3)=1, "CN", "T"&WEEKDAY(I3)) -> T4 | J4: =+IF(WEEKDAY(J3)=1, "CN", "T"&WEEKDAY(J3)) -> T5 | K4: =+IF(WEEKDAY(K3)=1, "CN", "T"&WEEKDAY(K3)) -> T6 | L4: =+IF(WEEKDAY(L3)=1, "CN", "T"&WEEKDAY(L3)) -> T7 | M4: =+IF(WEEKDAY(M3)=1, "CN", "T"&WEEKDAY(M3)) -> CN | N4: =+IF(WEEKDAY(N3)=1, "CN", "T"&WEEKDAY(N3)) -> T2 | O4: =+IF(WEEKDAY(O3)=1, "CN", "T"&WEEKDAY(O3)) -> T3 | P4: =+IF(WEEKDAY(P3)=1, "CN", "T"&WEEKDAY(P3)) -> T4 | ... AM4: =+IF(WEEKDAY(AM3)=1, "CN", "T"&WEEKDAY(AM3)) -> T6
A5: =+ROW()-4 -> 1 | B5: Điều hành | D5: Vũ Thị Lâm | E5: 969387616 | I5: X | J5: X | K5: X | L5: X | M5: O | N5: X | O5: X | P5: O | Q5: X | R5: X | S5: O | T5: O | U5: X | V5: X | W5: X | X5: X | Y5: X | Z5: X | AA5: O | AB5: X | AC5: X | AD5: X | AE5: X | AF5: X | AG5: ON | AH5: O | AI5: O | AJ5: O | AK5: O | AL5: O | AM5: O | AN5: =COUNTA(I5:AM5)-COUNTIF(I5:AM5,$AP$5)-COUNTIF(I5:AM5,$AP$6)-COUNTIF(I5:AM5,$AP$7)-COUNTIF(I5:AM5,$AP$10)/2 -> 20 | AP5: O | AQ5: Xin nghỉ - cắt nghỉ
A6: =+ROW()-4 -> 2 | B6: QLPT | D6: Nguyễn Thành Hưng | E6: 915008283 | I6: X | J6: X | K6: X | L6: X | M6: O | N6: X | O6: X | P6: X | Q6: X | R6: X | S6: X | T6: O | U6: X | V6: X | W6: X | X6: X | Y6: X | Z6: X | AA6: O | AB6: X | AC6: X | AD6: X | AE6: X | AF6: X | AG6: ON | AH6: O | AI6: O | AJ6: O | AK6: O | AL6: O | AM6: O | AN6: =COUNTA(I6:AM6)-COUNTIF(I6:AM6,$AP$5)-COUNTIF(I6:AM6,$AP$6)-COUNTIF(I6:AM6,$AP$7)-COUNTIF(I6:AM6,$AP$10)/2 -> 22 | AP6: ĐC | AQ6: Đình chỉ
A7: =+ROW()-4 -> 3 | B7: Điều hành | D7: Phan Mạnh Tân | E7: 827264994 | I7: O | J7: X | K7: X | L7: X | M7: O | N7: X | O7: X | P7: X | Q7: X | R7: X | S7: X | T7: O | U7: X | V7: X | W7: X | X7: X | Y7: X | Z7: X | AA7: O | AB7: X | AC7: X | AD7: ON | AE7: ON | AF7: ON | AG7: ON | AH7: O | AI7: O | AJ7: O | AK7: O | AL7: O | AM7: O | AN7: =COUNTA(I7:AM7)-COUNTIF(I7:AM7,$AP$5)-COUNTIF(I7:AM7,$AP$6)-COUNTIF(I7:AM7,$AP$7)-COUNTIF(I7:AM7,$AP$10)/2 -> 21 | AP7: OF | AQ7: Nghỉ việc
A8: =+ROW()-4 -> 4 | B8: Điều hành | D8: Đặng Thanh Tuyền | E8: 972264311 | I8: O | J8: X | K8: X | L8: X | M8: O | N8: X | O8: X | P8: X | Q8: X | R8: X | S8: X | T8: O | U8: X | V8: X | W8: X | X8: X | Y8: X | Z8: X | AA8: O | AB8: X | AC8: X | AD8: X | AE8: X | AF8: X | AG8: ON | AH8: O | AI8: ON | AJ8: ON | AK8: O | AL8: ON | AM8: ON | AN8: =COUNTA(I8:AM8)-COUNTIF(I8:AM8,$AP$5)-COUNTIF(I8:AM8,$AP$6)-COUNTIF(I8:AM8,$AP$7)-COUNTIF(I8:AM8,$AP$10)/2 -> 25 | AP8: X | AQ8: Đi làm
A9: =+ROW()-4 -> 5 | B9: LX dự án | C9: 29K-067.25 | D9: Nguyễn Hữu Tùng | E9: 913500445 | F9: 3.5 | H9: AEON | I9: C | J9: C | K9: C | L9: C | M9: C | N9: C | O9: C | P9: C | Q9: C | R9: C | S9: C | T9: O | U9: C | V9: C | W9: C | X9: O | Y9: C | Z9: C | AA9: O | AB9: C | AC9: O | AD9: C | AE9: C | AF9: C | AG9: C | AH9: O | AI9: C | AJ9: C | AK9: O | AL9: C | AM9: C | AN9: =COUNTA(I9:AM9)-COUNTIF(I9:AM9,$AP$5)-COUNTIF(I9:AM9,$AP$6)-COUNTIF(I9:AM9,$AP$7)-COUNTIF(I9:AM9,$AP$10)/2 -> 25 | AP9: C | AQ9: Chạy xe cả ngày
A10: =+ROW()-4 -> 6 | B10: LX dự án | C10: 29K-135.11 | D10: Đinh Mai Sơn | E10: 0862022258 | F10: 2.5 | H10: AEON | N10: C | O10: C | P10: O | Q10: C | R10: C | S10: C | T10: O | U10: C | V10: C | W10: C | X10: C | Y10: O | Z10: C | AA10: O | AB10: C | AC10: O | AD10: C | AE10: C | AF10: C | AG10: C | AH10: O | AI10: C | AJ10: C | AK10: O | AL10: C | AM10: O | AN10: =COUNTA(I10:AM10)-COUNTIF(I10:AM10,$AP$5)-COUNTIF(I10:AM10,$AP$6)-COUNTIF(I10:AM10,$AP$7)-COUNTIF(I10:AM10,$AP$10)/2 -> 18 | AP10: NN | AQ10: Nửa ngày
A11: =+ROW()-4 -> 7 | B11: LX dự án | C11: 29H-737.03 | D11: Hoàng Đức Mạnh | E11: 868578998 | F11: 2.5 | H11: AEON | S11: C | T11: O | U11: C | V11: C | W11: C | X11: C | Y11: C | Z11: C | AA11: O | AB11: C | AC11: O | AD11: C | AE11: C | AF11: C | AG11: C | AH11: cpn | AI11: C | AJ11: C | AK11: O | AL11: C | AM11: C | AN11: =COUNTA(I11:AM11)-COUNTIF(I11:AM11,$AP$5)-COUNTIF(I11:AM11,$AP$6)-COUNTIF(I11:AM11,$AP$7)-COUNTIF(I11:AM11,$AP$10)/2 -> 17
A12: =+ROW()-4 -> 8 | B12: Bốc xếp | D12: Trần Thị Thu Khanh | E12: 971929815 | H12: AEON | I12: X | J12: X | K12: X | L12: X | M12: X | N12: X | O12: X | P12: X | Q12: X | R12: X | S12: X | T12: O | U12: X | V12: X | W12: X | X12: X | Y12: X | Z12: X | AA12: O | AB12: X | AC12: O | AD12: X | AE12: X | AF12: X | AG12: X | AH12: O | AI12: O | AJ12: X | AK12: O | AL12: O | AM12: O | AN12: =COUNTA(I12:AM12)-COUNTIF(I12:AM12,$AP$5)-COUNTIF(I12:AM12,$AP$6)-COUNTIF(I12:AM12,$AP$7)-COUNTIF(I12:AM12,$AP$10)/2 -> 23
A13: =+ROW()-4 -> 9 | B13: LX dự án | C13: 29E-084.13 | D13: Vũ Hồng Nam | E13: 979251508 | F13: 15 | G13: 660 | H13: BN | X13: C | Y13: J&T | Z13: J&T | AA13: J&T | AB13: J&T | AC13: J&T | AD13: J&T | AE13: TL | AF13: TL | AG13: O | AH13: O | AI13: O | AJ13: O | AK13: O | AL13: O | AM13: O | AN13: =COUNTA(I13:AM13)-COUNTIF(I13:AM13,$AP$5)-COUNTIF(I13:AM13,$AP$6)-COUNTIF(I13:AM13,$AP$7)-COUNTIF($I$29:$AM$29,$AP$10)/2 -> 9
A14: =+ROW()-4 -> 10 | B14: LX dự án | C14: 29K-079.24 | D14: Trần Xuân Trường | E14: 974392325 | F14: 15 | G14: 650 | H14: TLTL | I14: NN | J14: TC | K14: C | L14: TC | M14: O | N14: TL | O14: TL | P14: aeon | Q14: TL | R14: J&T | S14: J&T | T14: J&T | U14: J&T | V14: J&T | W14: J&T | X14: J&T | Y14: J&T | Z14: J&T | AA14: J&T | AB14: J&T | AC14: TL | AD14: TL | AE14: TL | AF14: cpn | AG14: O | AH14: O | AI14: O | AJ14: O | AK14: O | AL14: O | AM14: O | AN14: =COUNTA(I14:AM14)-COUNTIF(I14:AM14,$AP$5)-COUNTIF(I14:AM14,$AP$6)-COUNTIF(I14:AM14,$AP$7)-COUNTIF(I14:AM14,$AP$10)/2 -> 22.5
A15: =+ROW()-4 -> 11 | B15: LX dự án | C15: 29G-023.25 | D15: Mai Văn Long | E15: 971106882 | F15: 15 | G15: 660 | H15: TLTL | I15: O | J15: TC | K15: TL | L15: TC | M15: O | N15: TC | O15: dm | P15: TL | Q15: TL | R15: TL | S15: TL | T15: J&T | U15: TL | V15: TL | W15: J&T | X15: J&T | Y15: J&T | Z15: J&T | AA15: J&T | AB15: J&T | AC15: TL | AD15: TL | AE15: TL | AF15: TL | AG15: O | AH15: O | AI15: O | AJ15: O | AK15: O | AL15: O | AM15: O | AN15: =COUNTA(I15:AM15)-COUNTIF(I15:AM15,$AP$5)-COUNTIF(I15:AM15,$AP$6)-COUNTIF(I15:AM15,$AP$7)-COUNTIF(I15:AM15,$AP$10)/2 -> 22
A16: =+ROW()-4 -> 12 | B16: LX dự án | C16: 29E-084.26 | D16: Nguyễn Trọng Tấn | E16: 967884730 | F16: 15 | G16: 660 | H16: TLTL | I16: O | J16: C | K16: C | L16: TL | M16: C | N16: VTP | O16: TL | P16: TL | Q16: TL | R16: TL | S16: TL | T16: TL | U16: C | V16: C | W16: TL | X16: dm | Y16: dm | Z16: cpn | AA16: cpn | AB16: C | AC16: cpn | AD16: TL | AE16: TL | AF16: cpn | AG16: O | AH16: O | AI16: O | AJ16: O | AK16: O | AL16: O | AM16: O | AN16: =COUNTA(I16:AM16)-COUNTIF(I16:AM16,$AP$5)-COUNTIF(I16:AM16,$AP$6)-COUNTIF(I16:AM16,$AP$7)-COUNTIF(I16:AM16,$AP$10)/2 -> 23
A17: =+ROW()-4 -> 13 | B17: LX dự án | C17: 29K-134.59 | D17: Phan Lưu Trường | E17: 326522825 | F17: 8 CL | G17: 730 | H17: TLTL | I17: NN | J17: TC | K17: TC | L17: C | M17: CPN | N17: VTP | O17: dm | P17: TL | Q17: TL | R17: O | S17: dm | T17: CPN | U17: C | V17: TL | W17: TL | X17: TL | Y17: TL | Z17: TL | AA17: TL | AB17: C | AC17: TL | AD17: TL | AE17: TL | AF17: cpn | AG17: cpn | AH17: cpn | AI17: cpn | AJ17: O | AK17: O | AL17: O | AM17: O | AN17: =COUNTA(I17:AM17)-COUNTIF(I17:AM17,$AP$5)-COUNTIF(I17:AM17,$AP$6)-COUNTIF(I17:AM17,$AP$7)-COUNTIF(I17:AM17,$AP$10)/2 -> 25.5
A18: =+ROW()-4 -> 14 | B18: LX dự án | C18: 29K-139.05 | D18: Lê Đức Bách | E18: 989852112 | F18: 8 CL | G18: 730 | H18: TLTL | I18: O | J18: C | K18: TL | L18: dm | M18: O | N18: dm | O18: dm | P18: dm | Q18: TL | R18: J&T | S18: J&T | T18: J&T | U18: J&T | V18: J&T | W18: J&T | X18: TL | Y18: TL | Z18: J&T | AA18: J&T | AB18: J&T | AC18: J&T | AD18: J&T | AE18: TL | AF18: TL | AG18: TL | AH18: O | AI18: O | AJ18: O | AK18: O | AL18: O | AM18: O | AN18: =COUNTA(I18:AM18)-COUNTIF(I18:AM18,$AP$5)-COUNTIF(I18:AM18,$AP$6)-COUNTIF(I18:AM18,$AP$7)-COUNTIF(I18:AM18,$AP$10)/2 -> 23
A19: =+ROW()-4 -> 15 | B19: LX dự án | C19: 29K-068.20 | D19: Nguyễn Văn Sang | E19: 969820625 | F19: 8 CL | G19: 730 | H19: TLTL | I19: NN | J19: anviet | K19: anviet | L19: TL | M19: TL | N19: TL | O19: aeon | P19: TL | Q19: TL | R19: TL | S19: TL | T19: C | U19: C | V19: dm | W19: TL | X19: TL | Y19: TL | Z19: TL | AA19: TL | AB19: C | AC19: TL | AD19: TL | AE19: TL | AF19: TL | AG19: xe máy | AH19: O | AI19: O | AJ19: O | AK19: O | AL19: O | AM19: O | AN19: =COUNTA(I19:AM19)-COUNTIF(I19:AM19,$AP$5)-COUNTIF(I19:AM19,$AP$6)-COUNTIF(I19:AM19,$AP$7)-COUNTIF(I19:AM19,$AP$10)/2 -> 24.5
A20: =+ROW()-4 -> 16 | B20: LX dự án | C20: 29K-068.24 | D20: Nguyễn Văn Anh | E20: 974072826 | F20: 8 CL | G20: 730 | H20: TLTL | I20: FTG | J20: C | K20: C | L20: TL | M20: TL | N20: TL | O20: TL | P20: TL | Q20: TL | R20: TL | S20: J&T | T20: J&T | U20: J&T | V20: J&T | W20: J&T | X20: J&T | Y20: J&T | Z20: O | AA20: O | AB20: C | AC20: J&T | AD20: J&T | AE20: J&T | AF20: J&T | AG20: J&T | AH20: J&T | AI20: O | AJ20: O | AK20: O | AL20: O | AM20: O | AN20: =COUNTA(I20:AM20)-COUNTIF(I20:AM20,$AP$5)-COUNTIF(I20:AM20,$AP$6)-COUNTIF(I20:AM20,$AP$7)-COUNTIF(I20:AM20,$AP$10)/2 -> 24
A21: =+ROW()-4 -> 17 | B21: LX dự án | C21: 29K-137.42 | D21: Nguyễn Đức Thiên | E21: 974172336 | F21: 8 bạt | G21: 680 | H21: TLTL | I21: aeon | J21: C | K21: dm | L21: dm | M21: VTP | N21: dm | O21: TL | P21: TL | Q21: TL | R21: TL | S21: TL | T21: TL | U21: TL | V21: TL | W21: TL | X21: TL | Y21: TL | Z21: TL | AA21: cpn | AB21: C | AC21: O | AD21: TL | AE21: TL | AF21: TL | AG21: TL | AH21: O | AI21: O | AJ21: O | AK21: O | AL21: O | AM21: O | AN21: =COUNTA(I21:AM21)-COUNTIF(I21:AM21,$AP$5)-COUNTIF(I21:AM21,$AP$6)-COUNTIF(I21:AM21,$AP$7)-COUNTIF(I21:AM21,$AP$10)/2 -> 24
A22: =+ROW()-4 -> 18 | B22: LX dự án | C22: 29K-137.54 | D22: Phạm Văn Hải A | E22: 964343887 | F22: 8 bạt | G22: 680 | H22: TLTL | I22: NN | J22: TC | K22: TC | L22: TC | M22: O | N22: TC | O22: TL | P22: TL | Q22: TL | R22: TL | S22: TL | T22: O | U22: TL | V22: TL | W22: TC | X22: TC | Y22: TL | Z22: TC | AA22: cpn | AB22: TL | AC22: TL | AD22: TC | AE22: HTP, TL | AF22: TL | AG22: C | AH22: O | AI22: O | AJ22: O | AK22: O | AL22: O | AM22: O | AN22: =COUNTA(I22:AM22)-COUNTIF(I22:AM22,$AP$5)-COUNTIF(I22:AM22,$AP$6)-COUNTIF(I22:AM22,$AP$7)-COUNTIF(I22:AM22,$AP$10)/2 -> 22.5
A23: =+ROW()-4 -> 19 | B23: LX dự án | C23: 29K-136.97 | D23: Phạm Văn Hải B | E23: 379427150 | F23: 8 bạt | G23: 680 | H23: TLTL | I23: FTG | J23: C | K23: dm | L23: dm | M23: O | N23: dm | O23: dm | P23: dm | Q23: TL | R23: dm | S23: TC | T23: O | U23: aeon | V23: TL | W23: J&T | X23: TL | Y23: TL | Z23: dm | AA23: O | AB23: C | AC23: TL | AD23: dm | AE23: dm | AF23: TL, cpn | AG23: O | AH23: O | AI23: O | AJ23: O | AK23: O | AL23: O | AM23: O | AN23: =COUNTA(I23:AM23)-COUNTIF(I23:AM23,$AP$5)-COUNTIF(I23:AM23,$AP$6)-COUNTIF(I23:AM23,$AP$7)-COUNTIF(I23:AM23,$AP$10)/2 -> 21
A24: =+ROW()-4 -> 20 | B24: LX dự án | C24: 29K-069.35 | D24: Lê Mạnh Cường | E24: 923453896 | F24: 8 | G24: 700 | H24: TLTL | I24: vp | J24: TL | K24: TL | L24: dm | M24: O | N24: VTP | O24: TL | P24: TL | Q24: TL | R24: TL | S24: TL | T24: TC | U24: TC | V24: TC | W24: TL | X24: TL | Y24: TL | Z24: TL | AA24: TC | AB24: TC | AC24: dm | AD24: dm | AE24: TL | AF24: TL | AG24: TL | AH24: O | AI24: O | AJ24: O | AK24: O | AL24: O | AM24: O | AN24: =COUNTA(I24:AM24)-COUNTIF(I24:AM24,$AP$5)-COUNTIF(I24:AM24,$AP$6)-COUNTIF(I24:AM24,$AP$7)-COUNTIF(I24:AM24,$AP$10)/2 -> 24
A25: =+ROW()-4 -> 21 | B25: LX dự án | C25: 29K-063.74 | D25: Lê Văn Giang | E25: 961571433 | F25: 8 | G25: 700 | H25: TLTL | I25: O | J25: anviet | K25: TL | L25: TL | M25: O | N25: TC | O25: TC | P25: TC | Q25: TL | R25: TL | S25: TC | T25: TC | U25: C | V25: TL | W25: TL | X25: TL | Y25: TL | Z25: TC | AA25: cpn | AB25: TL | AC25: TL | AD25: TL | AE25: TL | AF25: TL | AG25: TL | AH25: O | AI25: O | AJ25: O | AK25: O | AL25: O | AM25: O | AN25: =COUNTA(I25:AM25)-COUNTIF(I25:AM25,$AP$5)-COUNTIF(I25:AM25,$AP$6)-COUNTIF(I25:AM25,$AP$7)-COUNTIF(I25:AM25,$AP$10)/2 -> 23
A26: =+ROW()-4 -> 22 | B26: LX dự án | C26: 29E-096.03 | D26: Hoàng Minh Thịnh | E26: 989118712 | F26: 8 | G26: 700 | H26: TLTL | I26: NN | J26: TC | K26: TC | L26: TC | M26: O | N26: aeon | O26: TL | P26: TL | Q26: TL | R26: TL | S26: TL | T26: TC | U26: TC | V26: TC | W26: J&T | X26: TL | Y26: TL | Z26: GLC | AA26: TC | AB26: TC | AC26: J&T | AD26: J&T | AE26: J&T | AF26: J&T | AG26: J&T | AH26: J&T | AI26: O | AJ26: O | AK26: O | AL26: O | AM26: O | AN26: =COUNTA(I26:AM26)-COUNTIF(I26:AM26,$AP$5)-COUNTIF(I26:AM26,$AP$6)-COUNTIF(I26:AM26,$AP$7)-COUNTIF(I26:AM26,$AP$10)/2 -> 24.5
A27: =+ROW()-4 -> 23 | B27: LX dự án | C27: 29G-023.11 | D27: Nguyễn Minh Hiếu | E27: 886884883 | F27: 6.5 | G27: 460 | H27: TLTL | I27: O | J27: aeon | K27: aeon | L27: aeon | M27: O | N27: O | O27: O | P27: O | Q27: O | R27: O | S27: O | T27: C | U27: TL | V27: TL | W27: TL | X27: TL | Y27: TL | Z27: TL | AA27: C | AB27: aeon | AC27: TL | AD27: TL | AE27: TL | AF27: TL | AG27: TC | AH27: O | AI27: O | AJ27: O | AK27: O | AL27: O | AM27: O | AN27: =COUNTA(I27:AM27)-COUNTIF(I27:AM27,$AP$5)-COUNTIF(I27:AM27,$AP$6)-COUNTIF(I27:AM27,$AP$7)-COUNTIF(I27:AM27,$AP$10)/2 -> 17
A28: =+ROW()-4 -> 24 | B28: LX dự án | D28: Ngô Đình Phiến | E28: 986164826 | H28: TLTL | S28: J&T | T28: J&T | U28: J&T | V28: J&T | W28: J&T | X28: J&T | Y28: J&T | Z28: O | AA28: O | AB28: O | AC28: O | AD28: O | AE28: O | AF28: O | AG28: O | AH28: O | AI28: O | AJ28: O | AK28: O | AL28: O | AM28: O | AN28: =COUNTA(I28:AM28)-COUNTIF(I28:AM28,$AP$5)-COUNTIF(I28:AM28,$AP$6)-COUNTIF(I28:AM28,$AP$7)-COUNTIF(I28:AM28,$AP$10)/2 -> 7
A29: =+ROW()-4 -> 25 | B29: LX dự án | C29: 29G-023.20 | D29: Nguyễn Tiến Công | E29: 983509012 | H29: TLTL | R29: J&T | S29: J&T | T29: J&T | U29: J&T | V29: J&T | W29: J&T | X29: C | Y29: C | Z29: TL | AA29: TL | AB29: TL | AC29: TL | AD29: TL | AE29: TL | AF29: TL | AG29: C | AH29: O | AI29: O | AJ29: O | AK29: O | AL29: O | AM29: O | AN29: =COUNTA(I29:AM29)-COUNTIF(I29:AM29,$AP$5)-COUNTIF(I29:AM29,$AP$6)-COUNTIF(I29:AM29,$AP$7)-COUNTIF($I$29:$AM$29,$AP$10)/2 -> 16
A30: =+ROW()-4 -> 26 | B30: LX dự án | C30: 29G-023.49 | D30: Đỗ Phi Hùng | E30: 862567126 | F30: 8 | G30: 700 | H30: TLTL | X30: C | Y30: C | Z30: TL | AA30: cpn | AB30: cpn | AC30: TL | AD30: cpn | AE30: TL, CPN | AF30: cpn | AG30: TC | AH30: O | AI30: aeon | AJ30: aeon | AK30: O | AL30: O | AM30: O | AN30: =COUNTA(I30:AM30)-COUNTIF(I30:AM30,$AP$5)-COUNTIF(I30:AM30,$AP$6)-COUNTIF(I30:AM30,$AP$7)-COUNTIF($I$29:$AM$29,$AP$10)/2 -> 12
A31: =+ROW()-4 -> 27 | B31: LX dự án | D31: Nguyễn Văn Chuyển | E31: 325532898 | H31: TLTL | W31: TL | X31: C | Y31: TL | Z31: TL | AA31: C | AB31: C | AC31: TL | AD31: TL | AE31: dm | AF31: cpn | AG31: cpn | AH31: cpn | AI31: cpn | AJ31: O | AK31: O | AL31: O | AM31: O | AN31: =COUNTA(I31:AM31)-COUNTIF(I31:AM31,$AP$5)-COUNTIF(I31:AM31,$AP$6)-COUNTIF(I31:AM31,$AP$7)-COUNTIF($I$29:$AM$29,$AP$10)/2 -> 13
A32: =+ROW()-4 -> 28 | B32: LX dự án | C32: 29K-067.11 | D32: Lê Thanh Toàn | E32: 947970388 | F32: 5 | G32: 360 | H32: TLTL | S32: TL | T32: O | U32: O | V32: O | W32: OF | AN32: =COUNTA(I32:AM32)-COUNTIF(I32:AM32,$AP$5)-COUNTIF(I32:AM32,$AP$6)-COUNTIF(I32:AM32,$AP$7)-COUNTIF($I$29:$AM$29,$AP$10)/2 -> 1
A33: =+ROW()-4 -> 29 | B33: LX dự án | D33: Bùi Văn Cường | E33: 886809755 | F33: 6.5 | G33: 460 | H33: TLTL | K33: C | L33: TC | M33: O | N33: OF | AN33: =COUNTA(I33:AM33)-COUNTIF(I33:AM33,$AP$5)-COUNTIF(I33:AM33,$AP$6)-COUNTIF(I33:AM33,$AP$7)-COUNTIF($I$29:$AM$29,$AP$10)/2 -> 2
A34: =+ROW()-4 -> 30 | B34: LX dự án | C34: 29B-189.64 | D34: Lê Công Vinh | E34: 949502669 | F34: 6.5 | G34: 460 | H34: TLTL | I34: O | J34: TC | K34: TC | L34: C | M34: C | N34: OF | AN34: =COUNTA(I34:AM34)-COUNTIF(I34:AM34,$AP$5)-COUNTIF(I34:AM34,$AP$6)-COUNTIF(I34:AM34,$AP$7)-COUNTIF($I$29:$AM$29,$AP$10)/2 -> 4
A35: =+ROW()-4 -> 31 | B35: Bốc xếp | D35: Bùi Văn Quân | E35: 326978626 | H35: AEON | L35: X | M35: X | N35: X | O35: X | P35: O | Q35: X | R35: OF | AN35: =COUNTA(I35:AM35)-COUNTIF(I35:AM35,$AP$5)-COUNTIF(I35:AM35,$AP$6)-COUNTIF(I35:AM35,$AP$7)-COUNTIF($I$29:$AM$29,$AP$10)/2 -> 5
A36: =+ROW()-4 -> 32 | B36: VT | D36: Đinh Công Cường | AC36: TL | AD36: CPN
A37: =+ROW()-4 -> 33 | B37: NB | D37: Nguyễn Đức Thanh | X37: qt
A38: =+ROW()-4 -> 34 | B38: NB | D38: Vũ Văn Phong | X38: cpn
A39: =+ROW()-4 -> 35 | B39: NĐ | D39: Hoàng Trọng Nam | P39: vigo
A40: =+ROW()-4 -> 36 | B40: NĐ | D40: Nguyễn Văn Thế | Q40: panda
A41: =+ROW()-4 -> 37 | B41: TB | D41: Nguyễn Văn Quân | V41: cpn
A42: =+ROW()-4 -> 38 | C42: 29G-023.25 | F42: 8 | G42: 700
A43: =+ROW()-4 -> 39 | C43: 29G-023.19 | F43: 6.5 | G43: 460
A44: =+ROW()-4 -> 40 | C44: 29H-464.01 | F44: 2.5
A45: =+ROW()-4 -> 41 | C45: 29K-135.82 | F45: 2.5
A46: =+ROW()-4 -> 42 | C46: 29G-023.14 | F46: 1.5 | H46: Xe đi SG
A47: =+ROW()-4 -> 43 | C47: 29G-023.46 | F47: 1.5
A48: =+ROW()-4 -> 44 | C48: 29G-023.30 | F48: 1.5
A49: =+ROW()-4 -> 45 | C49: 29K-050.88 | F49: 1.5
A50: =+ROW()-4 -> 46 | C50: 29K-069.49 | F50: 2.5 | H50: Xe lạnh
A51: =+ROW()-4 -> 47 | C51: 29K-068.57 | F51: 2.5 | H51: Xe lạnh
A52: =+ROW()-4 -> 48 | C52: 29K-065.72 | F52: 2.5 | H52: Xe lạnh
A53: =+ROW()-4 -> 49 | C53: 29E-096.03 | F53: 15 | G53: 680
A54: =+ROW()-4 -> 50 | C54: 29E-095.30 | F54: 15 bạt
A55: =+ROW()-4 -> 51 | C55: 29E-081.75 | F55: 15 bạt

Sheet T2.2025
B1: Tháng | C1: 45689
C2: =COUNTA(C5:C424) -> 43 | D2: =COUNTA(D10:D50) -> 41
A3: STT | B3: Chức danh | C3: BSX | D3: Họ tên | E3: SĐT | F3: Tải trọng | G3: TLTL | H3: Dự án | I3: =+C1 -> 45689 | J3: =+I3+1 -> 45690 | K3: =+J3+1 -> 45691 | L3: =+K3+1 -> 45692 | M3: =+L3+1 -> 45693 | N3: =+M3+1 -> 45694 | O3: =+N3+1 -> 45695 | P3: =+O3+1 -> 45696 | Q3: =+P3+1 -> 45697 | ... AM3: =+AL3+1 -> 45719 | AN3: Tổng công
I4: =+IF(WEEKDAY(I3)=1, "CN", "T"&WEEKDAY(I3)) -> T7 | J4: =+IF(WEEKDAY(J3)=1, "CN", "T"&WEEKDAY(J3)) -> CN | K4: =+IF(WEEKDAY(K3)=1, "CN", "T"&WEEKDAY(K3)) -> T2 | L4: =+IF(WEEKDAY(L3)=1, "CN", "T"&WEEKDAY(L3)) -> T3 | M4: =+IF(WEEKDAY(M3)=1, "CN", "T"&WEEKDAY(M3)) -> T4 | N4: =+IF(WEEKDAY(N3)=1, "CN", "T"&WEEKDAY(N3)) -> T5 | O4: =+IF(WEEKDAY(O3)=1, "CN", "T"&WEEKDAY(O3)) -> T6 | P4: =+IF(WEEKDAY(P3)=1, "CN", "T"&WEEKDAY(P3)) -> T7 | ... AM4: =+IF(WEEKDAY(AM3)=1, "CN", "T"&WEEKDAY(AM3)) -> T2
A5: =+ROW()-4 -> 1 | B5: Điều hành | D5: Vũ Thị Lâm | E5: 969387616 | I5: O | J5: O | K5: X | L5: X | M5: X | N5: X | O5: X | P5: X | Q5: O | R5: X | S5: X | T5: X | U5: X | V5: X | W5: X | X5: O | Y5: X | Z5: X | AA5: X | AB5: X | AC5: X | AD5: X | AE5: O | AF5: X | AG5: X | AH5: X | AI5: X | AJ5: X | AN5: =COUNTA(I5:AM5)-COUNTIF(I5:AM5,$AP$5)-COUNTIF(I5:AM5,$AP$6)-COUNTIF(I5:AM5,$AP$7)-COUNTIF(I5:AM5,#REF!)/2 -> 23 | AP5: O | AQ5: Xin nghỉ - cắt nghỉ
A6: =+ROW()-4 -> 2 | B6: QLPT | D6: Nguyễn Thành Hưng | E6: 915008283 | I6: O | J6: O | K6: X | L6: X | M6: X | N6: X | O6: X | P6: X | Q6: O | R6: X | S6: X | T6: X | U6: X | V6: X | W6: X | X6: O | Y6: X | Z6: X | AA6: X | AB6: X | AC6: X | AD6: X | AE6: O | AF6: X | AG6: X | AH6: X | AI6: X | AJ6: X | AN6: =COUNTA(I6:AM6)-COUNTIF(I6:AM6,$AP$5)-COUNTIF(I6:AM6,$AP$6)-COUNTIF(I6:AM6,$AP$7)-COUNTIF(I6:AM6,#REF!)/2 -> 23 | AP6: ĐC | AQ6: Đình chỉ
A7: =+ROW()-4 -> 3 | B7: Điều hành | D7: Phan Mạnh Tân | E7: 827264994 | I7: O | J7: O | K7: X | L7: X | M7: X | N7: X | O7: X | P7: X | Q7: O | R7: X | S7: X | T7: X | U7: X | V7: X | W7: X | X7: O | Y7: X | Z7: X | AA7: X | AB7: X | AC7: X | AD7: X | AE7: O | AF7: X | AG7: X | AH7: X | AI7: X | AJ7: X | AN7: =COUNTA(I7:AM7)-COUNTIF(I7:AM7,$AP$5)-COUNTIF(I7:AM7,$AP$6)-COUNTIF(I7:AM7,$AP$7)-COUNTIF(I7:AM7,#REF!)/2 -> 23 | AP7: OF | AQ7: Nghỉ việc
A8: =+ROW()-4 -> 4 | B8: Điều hành | D8: Đặng Thanh Tuyền | E8: 972264311 | I8: ON | J8: O | K8: X | L8: X | M8: X | N8: X | O8: X | P8: X | Q8: O | R8: X | S8: X | T8: X | U8: X | V8: X | W8: X | X8: O | Y8: X | Z8: X | AA8: X | AB8: X | AC8: X | AD8: X | AE8: O | AF8: X | AG8: X | AH8: X | AI8: X | AJ8: X | AN8: =COUNTA(I8:AM8)-COUNTIF(I8:AM8,$AP$5)-COUNTIF(I8:AM8,$AP$6)-COUNTIF(I8:AM8,$AP$7)-COUNTIF(I8:AM8,#REF!)/2 -> 24 | AP8: X | AQ8: Đi làm
A9: =+ROW()-4 -> 5 | B9: Bốc xếp | D9: Trần Thị Thu Khanh | E9: 971929815 | H9: AEON | I9: X | J9: O | K9: X | L9: X | M9: X | N9: X | O9: X | P9: X | Q9: O | R9: X | S9: X | T9: X | U9: X | V9: X | W9: X | X9: O | Y9: X | Z9: X | AA9: X | AB9: X | AC9: X | AD9: X | AE9: O | AF9: X | AG9: X | AH9: X | AI9: X | AJ9: X | AN9: =COUNTA(I9:AM9)-COUNTIF(I9:AM9,$AP$5)-COUNTIF(I9:AM9,$AP$6)-COUNTIF(I9:AM9,$AP$7)-COUNTIF(I9:AM9,#REF!)/2 -> 24 | AP9: C | AQ9: Chạy xe cả ngày
A10: =+ROW()-4 -> 6 | B10: LX dự án | C10: 29K-067.25 | D10: Nguyễn Hữu Tùng | E10: 913500445 | F10: 3.5 | H10: AEON | I10: O | J10: O | K10: C | L10: C | M10: C | N10: C | O10: C | P10: C | Q10: O | R10: C | S10: C | T10: C | U10: C | V10: C | W10: C | X10: O | Y10: C | Z10: C | AA10: C | AB10: C | AC10: C | AD10: C | AE10: O | AF10: C | AG10: C | AH10: C | AI10: C | AJ10: C | AN10: =COUNTA(I10:AM10)-COUNTIF(I10:AM10,$AP$5)-COUNTIF(I10:AM10,$AP$6)-COUNTIF(I10:AM10,$AP$7)-COUNTIF(I10:AM10,#REF!)/2 -> 23
A11: =+ROW()-4 -> 7 | B11: LX dự án | C11: 29K-135.11 | D11: Đinh Mai Sơn | E11: 0862022258 | F11: 2.5 | H11: AEON | I11: C | J11: O | K11: C | L11: C | M11: C | N11: C | O11: C | P11: C | Q11: O | R11: C | S11: C | T11: C | U11: C | V11: C | W11: C | X11: O | Y11: C | Z11: C | AA11: C | AB11: C | AC11: C | AD11: C | AE11: O | AF11: C | AG11: C | AH11: C | AI11: C | AJ11: C | AN11: =COUNTA(I11:AM11)-COUNTIF(I11:AM11,$AP$5)-COUNTIF(I11:AM11,$AP$6)-COUNTIF(I11:AM11,$AP$7)-COUNTIF(I11:AM11,#REF!)/2 -> 24
A12: =+ROW()-4 -> 8 | B12: LX dự án | C12: 29H-737.03 | D12: Hoàng Đức Mạnh | E12: 868578998 | F12: 2.5 | H12: AEON | I12: O | J12: O | K12: C | L12: C | M12: C | N12: C | O12: C | P12: C | Q12: O | R12: C | S12: C | T12: C | U12: C | V12: C | W12: C | X12: O | Y12: C | Z12: C | AA12: C | AB12: O | AC12: C | AD12: C | AE12: O | AF12: C | AG12: C | AH12: dm | AI12: cpn | AJ12: dm | AN12: =COUNTA(I12:AM12)-COUNTIF(I12:AM12,$AP$5)-COUNTIF(I12:AM12,$AP$6)-COUNTIF(I12:AM12,$AP$7)-COUNTIF(I12:AM12,#REF!)/2 -> 22
A13: =+ROW()-4 -> 9 | B13: LX dự án | C13: 29K-069.35 | D13: Nguyễn Trọng Tấn | E13: 967884730 | F13: 8 | G13: 700 | H13: TLTL | I13: O | J13: O | K13: O | L13: C | M13: C | N13: dm | O13: J&T | P13: J&T | Q13: J&T | R13: J&T | S13: J&T | T13: J&T | U13: C | V13: C | W13: hn | X13: hn | Y13: C | Z13: TL | AA13: TL | AB13: C | AC13: a Kiên | AD13: a Kiên | AE13: TL | AF13: TC | AG13: dm | AH13: dm | AI13: TL | AJ13: C | AN13: =COUNTA(I13:AM13)-COUNTIF(I13:AM13,$AP$5)-COUNTIF(I13:AM13,$AP$6)-COUNTIF(I13:AM13,$AP$7)-COUNTIF(I13:AM13,#REF!)/2 -> 25
A14: =+ROW()-4 -> 10 | B14: LX dự án | C14: 29K-134.59 | D14: Phan Lưu Trường | E14: 326522825 | F14: 8 CL | G14: 730 | H14: TLTL | I14: O | J14: O | K14: C | L14: cpn | M14: Cpn | N14: C | O14: C | P14: TL | Q14: Cpn | R14: C | S14: TL | T14: TL | U14: C | V14: C | W14: htp | X14: htp | Y14: C | Z14: TL | AA14: TL | AB14: C | AC14: TL | AD14: TL | AE14: O | AF14: dm | AG14: TL | AH14: TL | AI14: C | AJ14: TL | AN14: =COUNTA(I14:AM14)-COUNTIF(I14:AM14,$AP$5)-COUNTIF(I14:AM14,$AP$6)-COUNTIF(I14:AM14,$AP$7)-COUNTIF(I14:AM14,#REF!)/2 -> 25
A15: =+ROW()-4 -> 11 | B15: LX dự án | C15: 29K-139.05 | D15: Nguyễn Minh Hiếu | E15: 886884883 | F15: 8 CL | G15: 730 | H15: TLTL | I15: O | J15: O | K15: Cpn | L15: dm | M15: dm | N15: C | O15: TL | P15: TL | Q15: TC | R15: TC | S15: TL | T15: TL | U15: TL | V15: TL | W15: C | X15: cpn | Y15: C | Z15: TL | AA15: TL | AB15: C | AC15: bồn | AD15: bồn | AE15: bồn | AF15: C | AG15: dm | AH15: dm | AI15: TL | AJ15: TL | AN15: =COUNTA(I15:AM15)-COUNTIF(I15:AM15,$AP$5)-COUNTIF(I15:AM15,$AP$6)-COUNTIF(I15:AM15,$AP$7)-COUNTIF(I15:AM15,#REF!)/2 -> 26
A16: =+ROW()-4 -> 12 | B16: LX dự án | C16: 29K-137.54 | D16: Phạm Văn Hải A | E16: 964343887 | F16: 8 bạt | G16: 680 | H16: TLTL | I16: O | J16: O | K16: C | L16: C | M16: cpn | N16: C | O16: TL | P16: TL | Q16: Cpn | R16: C | S16: Cpn | T16: TL | U16: C | V16: C | W16: TC | X16: O | Y16: TL | Z16: TL | AA16: htp | AB16: htp | AC16: htp | AD16: C | AE16: TL | AF16: TC | AG16: TL | AH16: TL | AI16: TL | AJ16: TL | AN16: =COUNTA(I16:AM16)-COUNTIF(I16:AM16,$AP$5)-COUNTIF(I16:AM16,$AP$6)-COUNTIF(I16:AM16,$AP$7)-COUNTIF(I16:AM16,#REF!)/2 -> 25
A17: =+ROW()-4 -> 13 | B17: LX dự án | C17: 29K-136.97 | D17: Phạm Văn Hải B | E17: 379427150 | F17: 8 bạt | G17: 680 | H17: TLTL | I17: O | J17: O | K17: C | L17: C | M17: C | N17: C | O17: TL | P17: TL | Q17: O | R17: C | S17: TL | T17: TL | U17: C | V17: TL | W17: TC | X17: O | Y17: C | Z17: dm | AA17: TL | AB17: TL | AC17: vp | AD17: C | AE17: sửa xe | AF17: C | AG17: sửa xe | AH17: sửa xe | AI17: TC | AJ17: TC | AN17: =COUNTA(I17:AM17)-COUNTIF(I17:AM17,$AP$5)-COUNTIF(I17:AM17,$AP$6)-COUNTIF(I17:AM17,$AP$7)-COUNTIF(I17:AM17,#REF!)/2 -> 24
A18: =+ROW()-4 -> 14 | B18: LX dự án | C18: 29K-063.74 | D18: Lê Văn Giang | E18: 961571433 | F18: 8 | G18: 700 | H18: TLTL | I18: O | J18: O | K18: C | L18: C | M18: C | N18: TC | O18: C | P18: TL | Q18: TC | R18: TC | S18: TL | T18: C | U18: TL | V18: TL | W18: C | X18: O | Y18: C | Z18: TL | AA18: TL | AB18: C | AC18: TL | AD18: TL | AE18: O | AF18: TC | AG18: TL | AH18: TL | AI18: TL | AJ18: TL | AN18: =COUNTA(I18:AM18)-COUNTIF(I18:AM18,$AP$5)-COUNTIF(I18:AM18,$AP$6)-COUNTIF(I18:AM18,$AP$7)-COUNTIF(I18:AM18,#REF!)/2 -> 24
A19: =+ROW()-4 -> 15 | B19: LX dự án | C19: 29G-023.25 | D19: Đỗ Phi Hùng | E19: 862567126 | F19: 8 | G19: 710 | H19: TLTL | I19: aeon | J19: cpn | K19: Cpn | L19: J&T | M19: J&T | N19: J&T | O19: J&T | P19: J&T | Q19: J&T | R19: C | S19: TL | T19: TL | U19: TL | V19: C | W19: C | X19: TC | Y19: C | Z19: TL | AA19: TL | AB19: TL | AC19: TL | AD19: TL | AE19: TL | AF19: TL | AG19: TL | AH19: TL | AI19: TL | AJ19: C | AN19: =COUNTA(I19:AM19)-COUNTIF(I19:AM19,$AP$5)-COUNTIF(I19:AM19,$AP$6)-COUNTIF(I19:AM19,$AP$7)-COUNTIF($I$23:$AM$23,#REF!)/2 -> 28
A20: =+ROW()-4 -> 16 | B20: LX dự án | C20: 29K-137.42 | D20: Đặng Duy Khánh | E20: 396323468 | F20: 8 bạt | G20: 680 | H20: TLTL | R20: C | S20: TL | T20: TL | U20: TL | V20: TL | W20: TL | X20: TL | Y20: TL | Z20: TL | AA20: dm | AB20: C | AC20: TL | AD20: TL | AE20: O | AF20: TC | AG20: TC | AH20: TC | AI20: TL | AJ20: TL | AN20: =COUNTA(I20:AM20)-COUNTIF(I20:AM20,$AP$5)-COUNTIF(I20:AM20,$AP$6)-COUNTIF(I20:AM20,$AP$7)-COUNTIF($I$23:$AM$23,#REF!)/2 -> 18
A21: =+ROW()-4 -> 17 | B21: LX dự án | C21: 29G-023.20 | D21: Hoàng Văn Chuyền | E21: 384480526 | F21: 6.5 | G21: 470 | H21: TLTL | U21: C | V21: TL | W21: C | X21: O | Y21: TL | Z21: TL | AA21: TL | AB21: C | AC21: TL | AD21: C | AE21: O | AF21: TL | AG21: TL | AH21: TL | AI21: TL | AJ21: TL | AN21: =COUNTA(I21:AM21)-COUNTIF(I21:AM21,$AP$5)-COUNTIF(I21:AM21,$AP$6)-COUNTIF(I21:AM21,$AP$7)-COUNTIF($I$23:$AM$23,#REF!)/2 -> 14
A22: =+ROW()-4 -> 18 | B22: LX dự án | C22: 29E-081.75 | D22: Phan Lưu Sơn | E22: 979896184 | F22: 15 bạt | G22: 680 | H22: TLTL | U22: C | V22: TL | W22: C | X22: O | Y22: C | Z22: TL | AA22: TL | AB22: TL | AC22: TL | AD22: C | AE22: sửa xe | AF22: C | AG22: TC | AH22: TC | AI22: sửa xe | AJ22: TC | AN22: =COUNTA(I22:AM22)-COUNTIF(I22:AM22,$AP$5)-COUNTIF(I22:AM22,$AP$6)-COUNTIF(I22:AM22,$AP$7)-COUNTIF($I$23:$AM$23,#REF!)/2 -> 15
A23: =+ROW()-4 -> 19 | B23: LX dự án | C23: 29K-068.24 | D23: Nguyễn Tiến Công | E23: 983509012 | F23: 8 CL | G23: 730 | H23: TLTL | I23: O | J23: O | K23: C | L23: C | M23: C | N23: C | O23: C | P23: TL | Q23: TL | R23: C | S23: C | T23: C | U23: J&T | V23: J&T | W23: J&T | X23: J&T | Y23: J&T | Z23: J&T | AA23: C | AB23: C | AC23: TL | AD23: TL | AE23: O | AF23: C | AG23: TL | AH23: TL | AI23: TL | AJ23: C | AN23: =COUNTA(I23:AM23)-COUNTIF(I23:AM23,$AP$5)-COUNTIF(I23:AM23,$AP$6)-COUNTIF(I23:AM23,$AP$7)-COUNTIF($I$23:$AM$23,#REF!)/2 -> 25
A24: =+ROW()-4 -> 20 | B24: LX dự án | C24: 29G-023.49 | D24: Nguyễn Văn Chuyển | E24: 325532898 | F24: 8 | G24: 710 | H24: TLTL | I24: O | J24: O | K24: O | L24: O | M24: C | N24: cpn | O24: C | P24: TL,CPN | Q24: Cpn | R24: C | S24: TL | T24: C | U24: C | V24: C | W24: C | X24: O | Y24: C | Z24: C | AA24: C | AB24: TL | AC24: TL | AD24: TL | AE24: O | AF24: C | AG24: TL | AH24: TL | AI24: C | AJ24: C | AN24: =COUNTA(I24:AM24)-COUNTIF(I24:AM24,$AP$5)-COUNTIF(I24:AM24,$AP$6)-COUNTIF(I24:AM24,$AP$7)-COUNTIF($I$23:$AM$23,#REF!)/2 -> 22
A25: =+ROW()-4 -> 21 | B25: LX dự án | C25: 29E-095.30 | D25: Phạm Công Tài | E25: 0987220110 | F25: 15 bạt | G25: 680 | H25: TLTL | AG25: C | AH25: C | AI25: TL | AJ25: TL | AN25: =COUNTA(I25:AM25)-COUNTIF(I25:AM25,$AP$5)-COUNTIF(I25:AM25,$AP$6)-COUNTIF(I25:AM25,$AP$7)-COUNTIF($I$23:$AM$23,#REF!)/2 -> 4
A26: =+ROW()-4 -> 22 | B26: LX dự án | C26: 29E-084.26 | D26: Nguyễn Văn Anh | E26: 974072826 | F26: 15 | H26: BN | I26: O | J26: O | K26: O | L26: O | M26: O | N26: O | O26: O | P26: O | Q26: O | R26: O | S26: O | T26: O | U26: O | V26: O | W26: O | X26: O | Y26: sửa xe | Z26: TL | AA26: J&T | AB26: J&T | AC26: J&T | AD26: J&T | AE26: J&T | AF26: J&T | AG26: J&T | AH26: J&T | AI26: J&T | AJ26: J&T | AN26: =COUNTA(I26:AM26)-COUNTIF(I26:AM26,$AP$5)-COUNTIF(I26:AM26,$AP$6)-COUNTIF(I26:AM26,$AP$7)-COUNTIF(I26:AM26,#REF!)/2 -> 12
A27: =+ROW()-4 -> 23 | B27: LX dự án | D27: Nguyễn Minh Tiến | E27: 375261102 | F27: 15 | H27: BN | AN27: =COUNTA(I27:AM27)-COUNTIF(I27:AM27,$AP$5)-COUNTIF(I27:AM27,$AP$6)-COUNTIF(I27:AM27,$AP$7)-COUNTIF($I$23:$AM$23,#REF!)/2 -> 0
A28: =+ROW()-4 -> 24 | B28: LX dự án | C28: 29E-084.13 | D28: Vũ Hồng Nam | E28: 979251508 | F28: 15 | H28: BN | I28: O | J28: O | K28: O | L28: J&T | M28: J&T | N28: J&T | O28: J&T | P28: J&T | Q28: J&T | R28: J&T | S28: J&T | T28: J&T | U28: J&T | V28: J&T | W28: J&T | X28: C | Y28: J&T | Z28: J&T | AA28: J&T | AB28: J&T | AC28: J&T | AD28: J&T | AE28: J&T | AF28: J&T | AG28: J&T | AH28: J&T | AI28: C | AJ28: C | AN28: =COUNTA(I28:AM28)-COUNTIF(I28:AM28,$AP$5)-COUNTIF(I28:AM28,$AP$6)-COUNTIF(I28:AM28,$AP$7)-COUNTIF(I28:AM28,#REF!)/2 -> 25
A29: =+ROW()-4 -> 25 | B29: LX dự án | D29: Phạm Bá Huy | E29: 912654369 | F29: 15 | H29: BN | R29: C | S29: TL | T29: dm | U29: C | V29: C | W29: C | X29: TC | Y29: C | Z29: C | AA29: TL | AB29: C | AC29: TL | AD29: TL | AE29: O | AF29: C | AG29: TL | AH29: TL | AI29: sửa xe | AJ29: sửa xe | AN29: =COUNTA(I29:AM29)-COUNTIF(I29:AM29,$AP$5)-COUNTIF(I29:AM29,$AP$6)-COUNTIF(I29:AM29,$AP$7)-COUNTIF($I$23:$AM$23,#REF!)/2 -> 18
A30: =+ROW()-4 -> 26 | B30: LX dự án | C30: 29K-068.20 | D30: Nguyễn Văn Sang | E30: 969820625 | F30: 8 CL | H30: BN | I30: O | J30: O | K30: Cpn | L30: J&T | M30: J&T | N30: J&T | O30: J&T | P30: J&T | Q30: J&T | R30: J&T | S30: C | T30: TL | U30: TL | V30: C | W30: Cpn | X30: O | Y30: C | Z30: C | AA30: TL | AB30: TL | AC30: TL | AD30: dm | AE30: O | AF30: C | AG30: TL | AH30: TL | AI30: C | AJ30: C | AN30: =COUNTA(I30:AM30)-COUNTIF(I30:AM30,$AP$5)-COUNTIF(I30:AM30,$AP$6)-COUNTIF(I30:AM30,$AP$7)-COUNTIF(I30:AM30,#REF!)/2 -> 24
A31: =+ROW()-4 -> 27 | B31: LX dự án | D31: Lê Đức Bách | E31: 989852112 | F31: 8 CL | H31: BN | I31: O | J31: O | K31: C | L31: C | M31: C | N31: C | O31: TL | P31: TL | Q31: TL | R31: J&T | S31: J&T | T31: J&T | U31: J&T | V31: J&T | W31: J&T | X31: C | Y31: J&T | Z31: J&T | AA31: J&T | AB31: J&T | AC31: J&T | AD31: J&T | AE31: J&T | AF31: J&T | AG31: J&T | AH31: J&T | AI31: C | AJ31: C | AN31: =COUNTA(I31:AM31)-COUNTIF(I31:AM31,$AP$5)-COUNTIF(I31:AM31,$AP$6)-COUNTIF(I31:AM31,$AP$7)-COUNTIF(I31:AM31,#REF!)/2 -> 26
A32: =+ROW()-4 -> 28 | B32: LX dự án | C32: 29K-079.24 | D32: Trần Xuân Trường | E32: 974392325 | F32: 15 | H32: BN | I32: O | J32: O | K32: C | L32: C | M32: C | N32: J&T | O32: J&T | P32: J&T | Q32: J&T | R32: J&T | S32: C | T32: C | U32: C | V32: C | W32: J&T | X32: J&T | Y32: J&T | Z32: J&T | AA32: J&T | AB32: J&T | AC32: J&T | AD32: J&T | AE32: J&T | AF32: J&T | AG32: J&T | AH32: J&T | AI32: J&T | AJ32: J&T | AN32: =COUNTA(I32:AM32)-COUNTIF(I32:AM32,$AP$5)-COUNTIF(I32:AM32,$AP$6)-COUNTIF(I32:AM32,$AP$7)-COUNTIF(I32:AM32,#REF!)/2 -> 26
A33: =+ROW()-4 -> 29 | B33: LX dự án | D33: Mai Văn Long | E33: 971106882 | F33: 15 | H33: BN | I33: O | J33: O | K33: C | L33: cpn | M33: cpn | N33: J&T | O33: J&T | P33: J&T | Q33: J&T | R33: J&T | S33: C | T33: C | U33: C | V33: C | W33: J&T | X33: J&T | Y33: J&T | Z33: J&T | AA33: J&T | AB33: J&T | AC33: J&T | AD33: J&T | AE33: J&T | AF33: J&T | AG33: J&T | AH33: J&T | AI33: J&T | AJ33: J&T | AN33: =COUNTA(I33:AM33)-COUNTIF(I33:AM33,$AP$5)-COUNTIF(I33:AM33,$AP$6)-COUNTIF(I33:AM33,$AP$7)-COUNTIF(I33:AM33,#REF!)/2 -> 26
A34: =+ROW()-4 -> 30 | B34: LX dự án | C34: 29E-096.03 | D34: Hoàng Minh Thịnh | E34: 989118712 | F34: 15 | H34: BN | I34: O | J34: O | K34: C | L34: J&T | M34: J&T | N34: J&T | O34: J&T | P34: J&T | Q34: J&T | R34: J&T | S34: C | T34: J&T | U34: J&T | V34: J&T | W34: J&T | X34: J&T | Y34: C | Z34: J&T | AA34: J&T | AB34: J&T | AC34: J&T | AD34: J&T | AE34: J&T | AF34: J&T | AG34: J&T | AH34: J&T | AI34: J&T | AJ34: C | AN34: =COUNTA(I34:AM34)-COUNTIF(I34:AM34,$AP$5)-COUNTIF(I34:AM34,$AP$6)-COUNTIF(I34:AM34,$AP$7)-COUNTIF($I$23:$AM$23,#REF!)/2 -> 26
A35: =+ROW()-4 -> 31 | B35: LX dự án | D35: Lê Mạnh Cường | E35: 923453896 | F35: 15 | H35: BN | I35: O | J35: O | K35: C | L35: C | M35: C | N35: C | O35: J&T | P35: J&T | Q35: J&T | R35: J&T | S35: J&T | T35: J&T | U35: J&T | V35: J&T | W35: J&T | X35: J&T | Y35: C | Z35: J&T | AA35: J&T | AB35: J&T | AC35: J&T | AD35: J&T | AE35: J&T | AF35: J&T | AG35: J&T | AH35: J&T | AI35: J&T | AJ35: C | AN35: =COUNTA(I35:AM35)-COUNTIF(I35:AM35,$AP$5)-COUNTIF(I35:AM35,$AP$6)-COUNTIF(I35:AM35,$AP$7)-COUNTIF(I35:AM35,#REF!)/2 -> 26
A36: =+ROW()-4 -> 32 | B36: LX dự án | C36: 29E-124.01 | D36: Trần Văn Thanh B | E36: 376172175 | F36: 15 | H36: BN | P36: J&T | Q36: J&T | R36: J&T | S36: J&T | T36: J&T | U36: J&T | V36: J&T | W36: C | X36: C | Y36: C | Z36: C | AA36: C | AB36: C | AC36: C | AD36: C | AE36: O | AF36: C | AG36: C | AH36: C | AI36: C | AJ36: C | AN36: =COUNTA(I36:AM36)-COUNTIF(I36:AM36,$AP$5)-COUNTIF(I36:AM36,$AP$6)-COUNTIF(I36:AM36,$AP$7)-COUNTIF($I$23:$AM$23,#REF!)/2 -> 20
A37: =+ROW()-4 -> 33 | B37: LX dự án | D37: Trương Quang Đô | E37: 968736838 | F37: 15 | H37: BN | U37: C | V37: C | W37: C | X37: C | Y37: C | Z37: C | AA37: C | AB37: C | AC37: O | AD37: O | AE37: O | AF37: O | AG37: O | AH37: O | AI37: C | AJ37: C | AN37: =COUNTA(I37:AM37)-COUNTIF(I37:AM37,$AP$5)-COUNTIF(I37:AM37,$AP$6)-COUNTIF(I37:AM37,$AP$7)-COUNTIF($I$23:$AM$23,#REF!)/2 -> 10
A38: =+ROW()-4 -> 34 | B38: LX dự án | C38: 29E-120.73 | D38: Phạm Văn Duy | E38: 986629593 | F38: 15 | H38: BN | U38: C | V38: C | W38: C | X38: C | Y38: C | Z38: C | AA38: C | AB38: C | AC38: C | AD38: C | AE38: O | AF38: C | AG38: C | AH38: C | AI38: C | AJ38: C | AN38: =COUNTA(I38:AM38)-COUNTIF(I38:AM38,$AP$5)-COUNTIF(I38:AM38,$AP$6)-COUNTIF(I38:AM38,$AP$7)-COUNTIF($I$23:$AM$23,#REF!)/2 -> 15
A39: =+ROW()-4 -> 35 | B39: LX dự án | D39: Hoàng Ngọc Cường B | E39: 396753045 | F39: 15 | H39: BN | U39: C | V39: C | W39: C | X39: C | Y39: C | Z39: C | AA39: C | AB39: C | AC39: C | AD39: C | AE39: O | AF39: C | AG39: C | AH39: C | AI39: C | AJ39: C | AN39: =COUNTA(I39:AM39)-COUNTIF(I39:AM39,$AP$5)-COUNTIF(I39:AM39,$AP$6)-COUNTIF(I39:AM39,$AP$7)-COUNTIF($I$23:$AM$23,#REF!)/2 -> 15
A40: =+ROW()-4 -> 36 | B40: LX dự án | C40: 29E-124.10 | D40: Đặng Ngọc Lâm | E40: 978975812 | F40: 15 | H40: BN | U40: C | V40: C | W40: C | X40: C | Y40: C | Z40: C | AA40: C | AB40: C | AC40: C | AD40: C | AE40: O | AF40: C | AG40: C | AH40: C | AI40: C | AJ40: C | AN40: =COUNTA(I40:AM40)-COUNTIF(I40:AM40,$AP$5)-COUNTIF(I40:AM40,$AP$6)-COUNTIF(I40:AM40,$AP$7)-COUNTIF($I$23:$AM$23,#REF!)/2 -> 15
A41: =+ROW()-4 -> 37 | B41: LX dự án | D41: Võ Hồng Thuỷ | E41: 333105152 | F41: 15 | H41: BN | AH41: C | AI41: C | AJ41: C | AN41: =COUNTA(I41:AM41)-COUNTIF(I41:AM41,$AP$5)-COUNTIF(I41:AM41,$AP$6)-COUNTIF(I41:AM41,$AP$7)-COUNTIF($I$23:$AM$23,#REF!)/2 -> 3
A42: =+ROW()-4 -> 38 | B42: LX dự án | C42: 29E-120.47 | D42: Phạm Hồng Thái | E42: 981541989 | F42: 15 | H42: BN | P42: J&T | Q42: J&T | R42: J&T | S42: J&T | T42: J&T | U42: J&T | V42: J&T | W42: C | X42: C | Y42: C | Z42: C | AA42: C | AB42: C | AC42: C | AD42: C | AE42: O | AF42: C | AG42: C | AH42: C | AI42: C | AJ42: C | AN42: =COUNTA(I42:AM42)-COUNTIF(I42:AM42,$AP$5)-COUNTIF(I42:AM42,$AP$6)-COUNTIF(I42:AM42,$AP$7)-COUNTIF($I$23:$AM$23,#REF!)/2 -> 20
A43: =+ROW()-4 -> 39 | B43: LX dự án | D43: Nguyễn Đức Thiên | E43: 974172336 | F43: 15 | H43: BN | I43: O | J43: O | K43: C | L43: C | M43: C | N43: C | O43: TL | P43: TL | Q43: TL | R43: C | S43: TL | T43: TL | U43: J&T | V43: J&T | W43: J&T | X43: J&T | Y43: J&T | Z43: J&T | AA43: J&T | AB43: J&T | AC43: J&T | AD43: J&T | AE43: J&T | AF43: J&T | AG43: O | AH43: C | AI43: C | AJ43: C | AN43: =COUNTA(I43:AM43)-COUNTIF(I43:AM43,$AP$5)-COUNTIF(I43:AM43,$AP$6)-COUNTIF(I43:AM43,$AP$7)-COUNTIF($I$23:$AM$23,#REF!)/2 -> 25
A44: =+ROW()-4 -> 40 | B44: LX dự án | C44: 29E-124.20 | D44: Hà Nguyên Dậu | E44: 988217399 | F44: 50'' lạnh | H44: BN | AB44: C | AC44: C | AD44: C | AE44: C | AF44: C | AG44: C | AH44: C | AI44: C | AJ44: C | AN44: =COUNTA(I44:AM44)-COUNTIF(I44:AM44,$AP$5)-COUNTIF(I44:AM44,$AP$6)-COUNTIF(I44:AM44,$AP$7)-COUNTIF($I$23:$AM$23,#REF!)/2 -> 9
A45: =+ROW()-4 -> 41 | B45: LX dự án | D45: Nguyễn Thanh Bình B | E45: 379571389 | F45: 50'' lạnh | H45: BN | AB45: C | AC45: C | AD45: C | AE45: C | AF45: C | AG45: C | AH45: C | AI45: C | AJ45: C | AN45: =COUNTA(I45:AM45)-COUNTIF(I45:AM45,$AP$5)-COUNTIF(I45:AM45,$AP$6)-COUNTIF(I45:AM45,$AP$7)-COUNTIF($I$23:$AM$23,#REF!)/2 -> 9
A46: =+ROW()-4 -> 42 | B46: LX dự án | C46: 29E-121.43 | D46: Đỗ Ngọc Thông | E46: 942690200 | F46: 50'' lạnh | H46: BN | AB46: C | AC46: C | AD46: C | AE46: C | AF46: C | AG46: C | AH46: C | AI46: C | AJ46: C | AN46: =COUNTA(I46:AM46)-COUNTIF(I46:AM46,$AP$5)-COUNTIF(I46:AM46,$AP$6)-COUNTIF(I46:AM46,$AP$7)-COUNTIF($I$23:$AM$23,#REF!)/2 -> 9
A47: =+ROW()-4 -> 43 | B47: LX dự án | D47: Đỗ Văn Nam | E47: 989354116 | F47: 50'' lạnh | H47: BN | AI47: C | AJ47: C | AN47: =COUNTA(I47:AM47)-COUNTIF(I47:AM47,$AP$5)-COUNTIF(I47:AM47,$AP$6)-COUNTIF(I47:AM47,$AP$7)-COUNTIF($I$23:$AM$23,#REF!)/2 -> 2
A48: =+ROW()-4 -> 44 | B48: LX dự án | D48: Nguyễn Tiến Duy | E48: 983561361 | F48: 50'' lạnh | H48: BN | AG48: C | AH48: C | AI48: C | AJ48: C | AN48: =COUNTA(I48:AM48)-COUNTIF(I48:AM48,$AP$5)-COUNTIF(I48:AM48,$AP$6)-COUNTIF(I48:AM48,$AP$7)-COUNTIF($I$23:$AM$23,#REF!)/2 -> 4
A49: =+ROW()-4 -> 45 | B49: LX dự án | D49: Lê Thanh Đang | E49: 912729000 | F49: 50'' lạnh | H49: BN | AI49: C | AJ49: C | AN49: =COUNTA(I49:AM49)-COUNTIF(I49:AM49,$AP$5)-COUNTIF(I49:AM49,$AP$6)-COUNTIF(I49:AM49,$AP$7)-COUNTIF($I$23:$AM$23,#REF!)/2 -> 2
A50: =+ROW()-4 -> 46 | B50: LX dự án | D50: Phạm Quốc Toàn | E50: 919661635 | F50: 50'' lạnh | H50: BN | AI50: C | AJ50: C | AN50: =COUNTA(I50:AM50)-COUNTIF(I50:AM50,$AP$5)-COUNTIF(I50:AM50,$AP$6)-COUNTIF(I50:AM50,$AP$7)-COUNTIF($I$23:$AM$23,#REF!)/2 -> 2
A51: =+ROW()-4 -> 47 | B51: LX dự án | D51: Trịnh Thế Dương | E51: 0332281941 | F51: 15 | H51: BN | AF51: J&T | AG51: J&T | AH51: J&T | AI51: OF | AN51: =COUNTA(I51:AM51)-COUNTIF(I51:AM51,$AP$5)-COUNTIF(I51:AM51,$AP$6)-COUNTIF(I51:AM51,$AP$7)-COUNTIF($I$23:$AM$23,#REF!)/2 -> 3
A53: =+ROW()-4 -> 49 | C53: 29G-023.19 | F53: 6.2
A54: =+ROW()-4 -> 50 | C54: 29B-189.64 | F54: 6.2
A55: =+ROW()-4 -> 51 | C55: 29E-080.58 | F55: 6
A56: =+ROW()-4 -> 52 | C56: 29E-123.48 | F56: 6
A57: =+ROW()-4 -> 53 | C57: 29K-067.11 | F57: 5
A58: =+ROW()-4 -> 54 | C58: 29H-849.91 | D58: Nhâm Văn Cương | E58: 978286576 | F58: 3.5
A59: =+ROW()-4 -> 55 | C59: 29K-135.82 | F59: 2.5
A60: =+ROW()-4 -> 56 | C60: 29H-464.01 | F60: 2.5
A61: =+ROW()-4 -> 57 | C61: 29K-069.49 | F61: 2,5 lạnh
A62: =+ROW()-4 -> 58 | C62: 29K-065.72 | F62: 2,5 lạnh
A63: =+ROW()-4 -> 59 | C63: 29K-068.57 | F63: 2,5 lạnh
A64: =+ROW()-4 -> 60 | C64: 29H-743.40 | D64: Trần Văn Phú | E64: 345705693 | F64: 1.9
A65: =+ROW()-4 -> 61 | C65: 29G-023.46 | F65: 1.5
A66: =+ROW()-4 -> 62 | C66: 29G-023.30 | F66: 1.5
A67: =+ROW()-4 -> 63 | C67: 29G-023.14 | F67: 1.5
A68: =+ROW()-4 -> 64 | C68: 29K-050.88 | F68: 1

Sheet T3.2025
B1: Tháng | C1: 45717
C2: =COUNTA(C5:C72) -> 37 | D2: =COUNTA(D10:D648) -> 69
A3: STT | B3: Chức danh | C3: BSX | D3: Họ tên | E3: SĐT | F3: Mã nv | G3: Tải trọng | H3: TLTL | I3: Dự án | J3: =+C1 -> 45717 | K3: =+J3+1 -> 45718 | L3: =+K3+1 -> 45719 | M3: =+L3+1 -> 45720 | N3: =+M3+1 -> 45721 | O3: =+N3+1 -> 45722 | P3: =+O3+1 -> 45723 | Q3: =+P3+1 -> 45724 | R3: =+Q3+1 -> 45725 | ... AN3: =+AM3+1 -> 45747 | AO3: Tổng công
J4: =+IF(WEEKDAY(J3)=1, "CN", "T"&WEEKDAY(J3)) -> T7 | K4: =+IF(WEEKDAY(K3)=1, "CN", "T"&WEEKDAY(K3)) -> CN | L4: =+IF(WEEKDAY(L3)=1, "CN", "T"&WEEKDAY(L3)) -> T2 | M4: =+IF(WEEKDAY(M3)=1, "CN", "T"&WEEKDAY(M3)) -> T3 | N4: =+IF(WEEKDAY(N3)=1, "CN", "T"&WEEKDAY(N3)) -> T4 | O4: =+IF(WEEKDAY(O3)=1, "CN", "T"&WEEKDAY(O3)) -> T5 | P4: =+IF(WEEKDAY(P3)=1, "CN", "T"&WEEKDAY(P3)) -> T6 | Q4: =+IF(WEEKDAY(Q3)=1, "CN", "T"&WEEKDAY(Q3)) -> T7 | ... AN4: =+IF(WEEKDAY(AN3)=1, "CN", "T"&WEEKDAY(AN3)) -> T2
A5: =+ROW()-4 -> 1 | B5: Điều hành | D5: Vũ Thị Lâm | E5: 969387616 | J5: X | K5: O | L5: X | M5: X | N5: X | O5: X | P5: X | Q5: X | R5: O | S5: X | T5: X | U5: X | V5: X | W5: X | X5: X | Y5: O | AO5: =COUNTA(J5:AN5)-COUNTIF(J5:AN5,$AQ$5)-COUNTIF(J5:AN5,$AQ$6)-COUNTIF(J5:AN5,$AQ$7)-COUNTIF(J5:AN5,#REF!)/2 -> 13 | AQ5: O | AR5: Xin nghỉ - cắt nghỉ
A6: =+ROW()-4 -> 2 | B6: QLPT | D6: Nguyễn Thành Hưng | E6: 915008283 | J6: X | K6: O | L6: X | M6: X | N6: X | O6: X | P6: X | Q6: X | R6: O | S6: X | T6: X | U6: X | V6: X | W6: X | X6: X | Y6: O | Z6: X | AA6: X | AB6: X | AC6: X | AD6: X | AE6: X | AF6: O | AG6: X | AH6: X | AI6: X | AJ6: X | AK6: X | AL6: X | AM6: O | AN6: X | AO6: =COUNTA(J6:AN6)-COUNTIF(J6:AN6,$AQ$5)-COUNTIF(J6:AN6,$AQ$6)-COUNTIF(J6:AN6,$AQ$7)-COUNTIF(J6:AN6,#REF!)/2 -> 26 | AQ6: ĐC | AR6: Đình chỉ
A7: =+ROW()-4 -> 3 | B7: Điều hành | D7: Phan Mạnh Tân | E7: 827264994 | J7: X | K7: O | L7: X | M7: X | N7: X | O7: X | P7: X | Q7: X | R7: O | S7: X | T7: X | U7: X | V7: X | W7: X | X7: X | Y7: O | Z7: X | AA7: X | AB7: X | AC7: X | AD7: X | AE7: X | AF7: O | AG7: X | AH7: X | AI7: X | AJ7: X | AK7: X | AL7: X | AM7: O | AN7: X | AO7: =COUNTA(J7:AN7)-COUNTIF(J7:AN7,$AQ$5)-COUNTIF(J7:AN7,$AQ$6)-COUNTIF(J7:AN7,$AQ$7)-COUNTIF(J7:AN7,#REF!)/2 -> 26 | AQ7: OF | AR7: Nghỉ việc
A8: =+ROW()-4 -> 4 | B8: Điều hành | D8: Đặng Thanh Tuyền | E8: 972264311 | J8: X | K8: X | L8: X | M8: X | N8: X | O8: X | P8: X | Q8: X | R8: O | S8: X | T8: X | U8: X | V8: X | W8: X | X8: X | Y8: O | Z8: X | AA8: X | AB8: X | AC8: X | AD8: X | AE8: X | AF8: O | AG8: X | AH8: X | AI8: X | AJ8: X | AK8: X | AL8: X | AM8: O | AN8: X | AO8: =COUNTA(J8:AN8)-COUNTIF(J8:AN8,$AQ$5)-COUNTIF(J8:AN8,$AQ$6)-COUNTIF(J8:AN8,$AQ$7)-COUNTIF(J8:AN8,#REF!)/2 -> 27 | AQ8: X | AR8: Đi làm
A9: =+ROW()-4 -> 5 | B9: Bốc xếp | D9: Trần Thị Thu Khanh | E9: 971929815 | I9: AEON | J9: X | K9: O | L9: X | M9: X | N9: X | O9: X | R9: O | S9: O | T9: O | U9: O | V9: O | W9: O | X9: O | Y9: O | Z9: O | AA9: O | AB9: O | AC9: O | AD9: O | AE9: O | AF9: O | AG9: O | AH9: O | AI9: O | AJ9: O | AK9: O | AL9: O | AM9: O | AN9: O | AO9: =COUNTA(J9:AN9)-COUNTIF(J9:AN9,$AQ$5)-COUNTIF(J9:AN9,$AQ$6)-COUNTIF(J9:AN9,$AQ$7)-COUNTIF(J9:AN9,#REF!)/2 -> 5 | AQ9: C | AR9: Chạy xe cả ngày
A10: =+ROW()-4 -> 6 | B10: LX dự án | C10: 29K-849.91 | D10: Nguyễn Hữu Tùng | E10: 913500445 | F10: XE00730 | G10: 3.5 | I10: AEON | J10: C | K10: O | L10: C | M10: C | N10: O | O10: C | P10: C | Q10: C | R10: O | S10: C | T10: C | U10: C | V10: C | W10: C | X10: C | Y10: O | Z10: C | AA10: C | AB10: C | AC10: o | AD10: Aeon | AE10: Aeon | AF10: O | AG10: Aeon | AH10: GLC, hỗ trợ Aeon | AI10: Aon | AJ10: Aeon | AK10: Aeon | AL10: GLC | AM10: O | AN10: Aeon | AO10: =COUNTA(J10:AN10)-COUNTIF(J10:AN10,$AQ$5)-COUNTIF(J10:AN10,$AQ$6)-COUNTIF(J10:AN10,$AQ$7)-COUNTIF(J10:AN10,#REF!)/2 -> 24
A11: =+ROW()-4 -> 7 | B11: LX dự án | C11: 29K-135.11 | D11: Đinh Mai Sơn | E11: 0862022258 | F11: XE00768 | G11: 2.5 | I11: AEON | J11: C | K11: O | L11: C | M11: C | N11: C | O11: C | P11: C | Q11: C | R11: O | S11: C | T11: C | U11: C | V11: C | W11: C | X11: C | Y11: O | Z11: C | AA11: C | AB11: C | AC11: C | AD11: Aeon | AE11: o | AF11: O | AG11: aeon | AH11: Aeon | AI11: Aon | AJ11: Aeon | AK11: Aeon | AL11: Aeon | AM11: O | AN11: Aeon | AO11: =COUNTA(J11:AN11)-COUNTIF(J11:AN11,$AQ$5)-COUNTIF(J11:AN11,$AQ$6)-COUNTIF(J11:AN11,$AQ$7)-COUNTIF(J11:AN11,#REF!)/2 -> 25
A12: =+ROW()-4 -> 8 | B12: LX dự án | C12: 29H-737.03 | D12: Hoàng Đức Mạnh | E12: 868578998 | F12: XE00777 | G12: 2.5 | I12: AEON | J12: C | K12: O | L12: C | M12: C | N12: C | O12: C | P12: C | Q12: C | R12: O | S12: C | T12: C | U12: C | V12: C | W12: x | X12: x | Y12: O | Z12: C | AA12: x | AB12: dm | AC12: C | AD12: dm | AE12: Aeon | AF12: O | AG12: aeon | AH12: Aeon | AI12: C | AJ12: Aeon | AK12: CPN | AL12: Aon | AM12: O | AN12: Aeon | AO12: =COUNTA(J12:AN12)-COUNTIF(J12:AN12,$AQ$5)-COUNTIF(J12:AN12,$AQ$6)-COUNTIF(J12:AN12,$AQ$7)-COUNTIF(J12:AN12,#REF!)/2 -> 26
A13: =+ROW()-4 -> 9 | B13: LX dự án | C13: 29K-063.74 | D13: Lê Văn Giang | E13: 961571433 | F13: XE00447 | G13: 8 | H13: 700 | I13: TLTL | J13: TC | K13: O | L13: tc | M13: tc | N13: tc | O13: C | P13: TL | Q13: TL | R13: TC | S13: TC | T13: TC | U13: TL | V13: TL | W13: TL | X13: C | Y13: TC | Z13: C | AA13: TC | AB13: TC | AC13: TL | AD13: TL | AE13: TL | AF13: O | AG13: Bảo dưỡng xe | AH13: HN | AI13: HN | AJ13: TL | AK13: TL | AL13: TC | AM13: TC | AN13: TC | AO13: =COUNTA(J13:AN13)-COUNTIF(J13:AN13,$AQ$5)-COUNTIF(J13:AN13,$AQ$6)-COUNTIF(J13:AN13,$AQ$7)-COUNTIF(J13:AN13,#REF!)/2 -> 29
A14: =+ROW()-4 -> 10 | B14: LX dự án | C14: 29K-068.24 | D14: Nguyễn Tiến Công | E14: 983509012 | F14: XE00779 | G14: 8 | H14: 720 | I14: TLTL | J14: C | K14: O | L14: C | M14: C | N14: C | O14: TL | P14: TL | Q14: TL | R14: TL | S14: C | T14: dm | U14: dm | V14: TL | W14: TL | X14: C | Y14: cpn | Z14: C | AA14: C | AB14: TL | AC14: TL | AD14: TL | AE14: TL | AF14: O | AG14: O | AH14: o | AI14: o | AJ14: TL | AK14: ĐM | AL14: C | AM14: O | AN14: O | AO14: =COUNTA(J14:AN14)-COUNTIF(J14:AN14,$AQ$5)-COUNTIF(J14:AN14,$AQ$6)-COUNTIF(J14:AN14,$AQ$7)-COUNTIF($J$14:$AN$14,#REF!)/2 -> 24
A15: =+ROW()-4 -> 11 | B15: LX dự án | C15: 29E-095.30 | D15: Phan Lưu Trường | E15: 326522825 | F15: XE00567 | G15: 15 bạt | H15: 670 | I15: TLTL | J15: C | K15: TC | L15: C | M15: C | N15: dm | O15: TL | P15: dm | Q15: dm | R15: O | S15: C | T15: C | U15: TC | V15: TC | W15: dm | X15: C | Y15: TC | Z15: C | AA15: TC | AB15: TC | AC15: TL | AD15: TC | AE15: icci | AF15: o | AG15: C | AH15: TL | AI15: TL | AJ15: TL | AK15: TC | AL15: C | AM15: TC | AN15: TL | AO15: =COUNTA(J15:AN15)-COUNTIF(J15:AN15,$AQ$5)-COUNTIF(J15:AN15,$AQ$6)-COUNTIF(J15:AN15,$AQ$7)-COUNTIF(J15:AN15,#REF!)/2 -> 29
A16: =+ROW()-4 -> 12 | B16: LX dự án | C16: 29K-137.54 | D16: Phạm Văn Hải A | E16: 964343887 | F16: XE00449 | G16: 8 bạt | H16: 680 | I16: TLTL | J16: TC | K16: sửa xe | L16: C | M16: C | N16: sửa xe | O16: TL | P16: TL | Q16: TC | R16: O | S16: TC | T16: TC | U16: TC | V16: TC | W16: TC | X16: C | Y16: TC | Z16: C | AA16: TC | AB16: TC | AC16: TL | AD16: TC | AE16: tc | AF16: TC | AG16: TC | AH16: TL | AI16: TL | AJ16: TL | AK16: TL | AL16: C | AM16: HN | AN16: HN | AO16: =COUNTA(J16:AN16)-COUNTIF(J16:AN16,$AQ$5)-COUNTIF(J16:AN16,$AQ$6)-COUNTIF(J16:AN16,$AQ$7)-COUNTIF(J16:AN16,#REF!)/2 -> 30 | AP16: bị móp đầu
A17: =+ROW()-4 -> 13 | B17: LX dự án | C17: 29K-137.42 | D17: Đặng Duy Khánh | E17: 396323468 | F17: XE00824 | G17: 8 bạt | H17: 680 | I17: TLTL | J17: C | K17: O | L17: C | M17: C | N17: sửa xe | O17: TL | P17: TL | Q17: TC | R17: O | S17: TL | T17: TL | U17: TC | V17: TC | W17: TL | X17: C | Y17: TC | Z17: C | AA17: C | AB17: TL | AC17: HTP | AD17: HTP | AE17: TL- TC | AF17: O | AG17: TC | AH17: TL | AI17: TL | AJ17: TL | AK17: TL | AL17: C | AM17: O | AN17: TL | AO17: =COUNTA(J17:AN17)-COUNTIF(J17:AN17,$AQ$5)-COUNTIF(J17:AN17,$AQ$6)-COUNTIF(J17:AN17,$AQ$7)-COUNTIF($J$14:$AN$14,#REF!)/2 -> 27
A18: =+ROW()-4 -> 14 | B18: LX dự án | C18: 29K-136.97 | D18: Nguyễn Danh Lâm | E18: 989521691 | F18: XE00866 | G18: 8 bạt | H18: 680 | I18: TLTL | J18: vp | K18: O | L18: C | M18: C | N18: C | O18: TL | P18: TL | Q18: TL | R18: O | S18: sửa xe | T18: TL | U18: TL | V18: C | W18: C | X18: TL | Y18: O | Z18: C | AA18: TC | AB18: TC | AC18: TC | AD18: TL | AE18: TL | AF18: O | AG18: TL | AH18: TL | AI18: TL | AJ18: TL | AK18: TC | AL18: C | AM18: O | AN18: TL | AO18: =COUNTA(J18:AN18)-COUNTIF(J18:AN18,$AQ$5)-COUNTIF(J18:AN18,$AQ$6)-COUNTIF(J18:AN18,$AQ$7)-COUNTIF($J$14:$AN$14,#REF!)/2 -> 26
A19: =+ROW()-4 -> 15 | B19: LX dự án | C19: 29G-023.20 | D19: Hoàng Văn Chuyền | E19: 384480526 | F19: XE00832 | G19: 6.2 | H19: 460 | I19: TLTL | J19: C | K19: cpn | L19: C | M19: C | N19: TL | O19: TL | P19: TL | Q19: TL | R19: O | S19: C | T19: TL | U19: TL | V19: C | W19: C | X19: C | Y19: O | Z19: C | AA19: C | AB19: TL | AC19: TL | AD19: C | AE19: CPN | AF19: O | AG19: O | AH19: TL | AI19: C | AJ19: TL | AK19: TL | AL19: C | AM19: O | AN19: TL | AO19: =COUNTA(J19:AN19)-COUNTIF(J19:AN19,$AQ$5)-COUNTIF(J19:AN19,$AQ$6)-COUNTIF(J19:AN19,$AQ$7)-COUNTIF($J$14:$AN$14,#REF!)/2 -> 26
A20: =+ROW()-4 -> 16 | B20: LX dự án | C20: 29G-023.11 | D20: Đặng Văn Thắng | E20: 397448394 | F20: XE00900 | G20: 6.2 | H20: 460 | I20: TLTL | V20: C | W20: C | X20: C | Y20: O | Z20: C | AA20: C | AB20: TL | AC20: TL | AD20: TL | AE20: TL | AF20: O | AG20: TL | AH20: TL | AI20: TC | AJ20: TL | AK20: TL | AL20: C | AM20: O | AN20: TL | AO20: =COUNTA(J20:AN20)-COUNTIF(J20:AN20,$AQ$5)-COUNTIF(J20:AN20,$AQ$6)-COUNTIF(J20:AN20,$AQ$7)-COUNTIF($J$14:$AN$14,#REF!)/2 -> 16 | AP20: 2319
A21: =+ROW()-4 -> 17 | B21: LX dự án | C21: 29K-139.05 | D21: Mai Văn Toản | E21: 966631312 | F21: XE00847 | G21: 8 | H21: 720 | I21: TLTL | V21: C | W21: C | X21: C | Y21: O | Z21: C | AA21: C | AB21: dm | AC21: dm | AD21: TC | AE21: C | AF21: O | AG21: C | AH21: TL | AI21: TL | AJ21: TL | AK21: TC | AL21: C | AM21: HN | AN21: HN | AO21: =COUNTA(J21:AN21)-COUNTIF(J21:AN21,$AQ$5)-COUNTIF(J21:AN21,$AQ$6)-COUNTIF(J21:AN21,$AQ$7)-COUNTIF($J$14:$AN$14,#REF!)/2 -> 17
A22: =+ROW()-4 -> 18 | B22: LX dự án | C22: 29G-023.25 | D22: Nguyễn Minh Hiếu | E22: 886884883 | F22: XE00701 | G22: 8 | I22: BN | J22: C | K22: O | L22: C | M22: C | N22: dm | O22: TL | P22: TL | Q22: TC | R22: O | S22: sửa xe | T22: TL | U22: TL | V22: C | W22: C | X22: C | Y22: O | Z22: C | AA22: C | AB22: TL | AC22: TC | AD22: TL | AE22: 1LD | AF22: 1LD | AG22: 1LD | AH22: 1LD | AI22: 1LD | AJ22: 2GL | AK22: 2GL | AL22: 2GL | AM22: 2GL | AN22: 2GL | AO22: =COUNTA(J22:AN22)-COUNTIF(J22:AN22,$AQ$5)-COUNTIF(J22:AN22,$AQ$6)-COUNTIF(J22:AN22,$AQ$7)-COUNTIF(J22:AN22,#REF!)/2 -> 28
A23: =+ROW()-4 -> 19 | B23: LX dự án | D23: Phạm Thái Nhân | E23: 769117768 | F23: XE00891 | G23: 8 | I23: BN | S23: C | T23: TL | U23: TC | V23: TC | W23: TL | X23: C | Y23: O | Z23: C | AA23: TL | AB23: TL | AC23: TL | AD23: dm | AE23: 1LD | AF23: 1LD | AG23: 1LD | AH23: 1LD | AI23: 1LD | AJ23: 2GL | AK23: 2GL | AL23: 2GL | AM23: 2GL | AN23: 2GL | AO23: =COUNTA(J23:AN23)-COUNTIF(J23:AN23,$AQ$5)-COUNTIF(J23:AN23,$AQ$6)-COUNTIF(J23:AN23,$AQ$7)-COUNTIF(J23:AN23,#REF!)/2 -> 21
A24: =+ROW()-4 -> 20 | B24: LX dự án | C24: 29H-701.93 | D24: Nguyễn Khương | E24: 0961398724 | F24: XE00935 | G24: 8 CL | I24: BN | AK24: 1LD | AL24: 1LD | AM24: 1LD | AN24: 1LD
A25: =+ROW()-4 -> 21 | B25: LX dự án | D25: Phan Văn Thành | E25: 0377479037 | F25: XE00934 | G25: 8 CL | I25: BN | AK25: 1LD | AL25: 1LD | AM25: 1LD | AN25: 1LD
A26: =+ROW()-4 -> 22 | B26: LX dự án | C26: 29K-069.35 | D26: Nguyễn Trọng Tấn | E26: 967884730 | F26: XE00615 | G26: 8 | H26: 700 | I26: TLTL | J26: C | K26: TC | L26: tc | M26: tc | N26: tc | O26: sửa xe | P26: TL | Q26: C | R26: TC | S26: TC | T26: TC | U26: TC | V26: TC | W26: TC | X26: C | Y26: hn | Z26: C | AA26: TC | AB26: C | AC26: O | AD26: O | AE26: tc | AF26: xưởng | AG26: C | AH26: TL | AI26: TL | AJ26: C | AK26: C | AL26: TC | AM26: O | AN26: TC | AO26: =COUNTA(J26:AN26)-COUNTIF(J26:AN26,$AQ$5)-COUNTIF(J26:AN26,$AQ$6)-COUNTIF(J26:AN26,$AQ$7)-COUNTIF(J26:AN26,#REF!)/2 -> 28
A27: =+ROW()-4 -> 23 | B27: LX dự án | C27: 29K-068.20 | D27: Nguyễn Văn Sang | E27: 969820625 | F27: XE00704 | G27: 8 CL | I27: BN | J27: 1LD | K27: 1LD | L27: 1LD | M27: 1LD | N27: C | O27: 2LD | P27: 2LD | Q27: 2LD | R27: 2LD | S27: 3GL | T27: 3GL | U27: 3GL | V27: 3GL | W27: 3GL | X27: 4GL | Y27: 4GL | Z27: 4GL | AA27: 4GL | AB27: 4GL | AC27: 5LD | AD27: 5LD | AE27: 5LD | AF27: 5LD | AG27: 5LD | AH27: TC-TLTL | AI27: 6LD | AJ27: 6LD | AK27: 6LD | AL27: 6LD | AM27: 6LD | AN27: 1LD | AO27: =COUNTA(J27:AN27)-COUNTIF(J27:AN27,$AQ$5)-COUNTIF(J27:AN27,$AQ$6)-COUNTIF(J27:AN27,$AQ$7)-COUNTIF(J27:AN27,#REF!)/2 -> 31
A28: =+ROW()-4 -> 24 | B28: LX dự án | D28: Lê Đức Bách | E28: 989852112 | F28: XE00732 | G28: 8 CL | I28: BN | J28: 1LD | K28: 1LD | L28: 1LD | M28: 1LD | N28: C | O28: 2LD | P28: 2LD | Q28: 2LD | R28: 2LD | S28: 3GL | T28: 3GL | U28: 3GL | V28: 3GL | W28: 3GL | X28: 4GL | Y28: 4GL | Z28: 4GL | AA28: 4GL | AB28: 4GL | AC28: 5LD | AD28: 5LD | AE28: 5LD | AF28: 5LD | AG28: 5LD | AH28: C | AI28: 6LD | AJ28: 6LD | AK28: 6LD | AL28: 6LD | AM28: 7GL | AN28: 7GL | AO28: =COUNTA(J28:AN28)-COUNTIF(J28:AN28,$AQ$5)-COUNTIF(J28:AN28,$AQ$6)-COUNTIF(J28:AN28,$AQ$7)-COUNTIF(J28:AN28,#REF!)/2 -> 31
A29: =+ROW()-4 -> 25 | B29: LX dự án | C29: 29E-081.75 | D29: Phạm Công Tài | E29: 0987220110 | F29: XE00848 | G29: 15 bạt | H29: 670 | I29: BN | J29: C | K29: O | L29: C | M29: C | N29: TL | O29: TL | P29: TL | Q29: TL | R29: O | S29: TC | T29: C | U29: TL | V29: TL | W29: C | X29: C | Y29: TC | Z29: C | AA29: dm | AB29: C | AC29: dm | AD29: dm | AE29: đm | AF29: O | AG29: TL | AH29: TL | AI29: TL | AJ29: TL | AK29: TL | AL29: C | AM29: 5GL | AN29: 5GL | AO29: =COUNTA(J29:AN29)-COUNTIF(J29:AN29,$AQ$5)-COUNTIF(J29:AN29,$AQ$6)-COUNTIF(J29:AN29,$AQ$7)-COUNTIF($J$14:$AN$14,#REF!)/2 -> 28
A30: =+ROW()-4 -> 26 | B30: LX dự án | C30: 29E-084.13 | D30: Phạm Bá Huy | E30: 912654369 | F30: XE00820 | G30: 15 | I30: BN | J30: C | K30: C | L30: C | M30: C | N30: 1LD | O30: 1LD | P30: 1LD | Q30: 1LD | R30: 1LD | S30: C | T30: C | U30: O | V30: O | W30: O | X30: O | Y30: O | Z30: O | AA30: O | AB30: C | AC30: 2GL | AD30: 2GL | AE30: 2GL | AF30: 2GL | AG30: 2GL | AH30: 2GL | AI30: C | AJ30: C | AK30: 3LD | AL30: 3LD | AM30: 3LD | AN30: 3LD | AO30: =COUNTA(J30:AN30)-COUNTIF(J30:AN30,$AQ$5)-COUNTIF(J30:AN30,$AQ$6)-COUNTIF(J30:AN30,$AQ$7)-COUNTIF($J$14:$AN$14,#REF!)/2 -> 24
A31: =+ROW()-4 -> 27 | B31: LX dự án | D31: Kiều Kim Tiến | E31: 853603811 | F31: XE00873 | G31: 15 | I31: BN | O31: 1GL | P31: 1GL | Q31: 1GL | R31: 1GL | S31: 2LD | T31: 2LD | U31: 2LD | V31: 2LD | W31: 2LD | X31: C | Y31: C | Z31: C | AA31: 3GL | AB31: 3GL | AC31: 3GL | AD31: 3GL | AE31: 3GL | AF31: O | AG31: O | AH31: O | AI31: O | AJ31: C | AK31: 3LD | AL31: 3LD | AM31: 3LD | AN31: 3LD | AO31: =COUNTA(J31:AN31)-COUNTIF(J31:AN31,$AQ$5)-COUNTIF(J31:AN31,$AQ$6)-COUNTIF(J31:AN31,$AQ$7)-COUNTIF($J$14:$AN$14,#REF!)/2 -> 22
A32: =+ROW()-4 -> 28 | B32: LX dự án | C32: 29E-120.47 | D32: Phạm Hồng Thái | E32: 981541989 | F32: XE00817 | G32: 15 | I32: BN | J32: 1GL | K32: 1GL | L32: 1GL | M32: 1GL | N32: 1GL | O32: 2GL | P32: 2GL | Q32: 2GL | R32: 2GL | S32: C | T32: 3LD | U32: 3LD | V32: 3LD | W32: 3LD | X32: 3LD | Y32: C | Z32: C | AA32: 4GL | AB32: 4GL | AC32: 4GL | AD32: 4GL | AE32: 4GL | AF32: C | AG32: 5LD | AH32: 5LD | AI32: 5LD | AJ32: 5LD | AK32: 5LD | AL32: 6GL | AM32: 6GL | AN32: 6GL | AO32: =COUNTA(J32:AN32)-COUNTIF(J32:AN32,$AQ$5)-COUNTIF(J32:AN32,$AQ$6)-COUNTIF(J32:AN32,$AQ$7)-COUNTIF($J$14:$AN$14,#REF!)/2 -> 31
A33: =+ROW()-4 -> 29 | B33: LX dự án | D33: Lê Văn Tuyền | E33: 399287095 | F33: XE00895 | G33: 15 | I33: BN | S33: C | T33: 3LD | U33: 3LD | V33: 3LD | W33: 3LD | X33: 3LD | Y33: O | Z33: O | AA33: O | AB33: O | AC33: O | AD33: O | AE33: O | AF33: O | AG33: 5LD | AH33: 5LD | AI33: 5LD | AJ33: 5LD | AK33: 5LD | AL33: 6GL | AM33: 6GL | AN33: 6GL | AO33: =COUNTA(J33:AN33)-COUNTIF(J33:AN33,$AQ$5)-COUNTIF(J33:AN33,$AQ$6)-COUNTIF(J33:AN33,$AQ$7)-COUNTIF($J$14:$AN$14,#REF!)/2 -> 14
B34: LX dự án | C34: 29E-084.26 | D34: Vũ Văn Quang | E34: 975303686 | F34: XE00897 | G34: 8 | I34: BN | U34: C | V34: C | W34: C | X34: 1LD | Y34: 1LD | Z34: 1LD | AA34: 1LD | AB34: 1LD | AC34: 1LD | AD34: 2GL | AE34: 2GL | AF34: 2GL | AG34: 2GL | AH34: 2GL | AI34: 3GL | AJ34: 3GL | AK34: 3GL | AL34: 3GL | AM34: 3GL | AN34: 4GL | AO34: =COUNTA(J34:AN34)-COUNTIF(J34:AN34,$AQ$5)-COUNTIF(J34:AN34,$AQ$6)-COUNTIF(J34:AN34,$AQ$7)-COUNTIF($J$14:$AN$14,#REF!)/2 -> 20
A35: =+ROW()-4 -> 31 | B35: LX dự án | D35: Nguyễn Văn Anh | E35: 974072826 | F35: XE00691 | G35: 15 | I35: BN | J35: JT | K35: 1GL | L35: 1GL | M35: 1GL | N35: 1GL | O35: 1GL | P35: 1GL | Q35: C | R35: C | S35: 2LD | T35: 2LD | U35: 2LD | V35: 2LD | W35: 2LD | X35: 3LD | Y35: 3LD | Z35: 3LD | AA35: 3LD | AB35: 3LD | AC35: 3LD | AD35: 4GL | AE35: 4GL | AF35: 4GL | AG35: 4GL | AH35: 4GL | AI35: 5GL | AJ35: 5GL | AK35: 5GL | AL35: 5GL | AM35: 5GL | AN35: 6GL | AO35: =COUNTA(J35:AN35)-COUNTIF(J35:AN35,$AQ$5)-COUNTIF(J35:AN35,$AQ$6)-COUNTIF(J35:AN35,$AQ$7)-COUNTIF($J$14:$AN$14,#REF!)/2 -> 31
A36: =+ROW()-4 -> 32 | B36: LX dự án | C36: 29E-127.15 | D36: Nguyễn Đức Long | E36: 948893826 | F36: XE00883 | G36: 8 CL | I36: BN | O36: 1GL | P36: 1GL | Q36: 1GL | R36: 1GL | S36: 1GL | T36: 1GL | U36: 2GL | V36: 2GL | W36: 2GL | X36: 2GL | Y36: 2GL | Z36: C | AA36: C | AB36: 3GL | AC36: 3GL | AD36: 3GL | AE36: 3GL | AF36: 3GL | AG36: C | AH36: 4LD | AI36: 4LD | AJ36: 4LD | AK36: 4LD | AL36: 4LD | AM36: 5GL | AN36: 5GL | AO36: =COUNTA(J36:AN36)-COUNTIF(J36:AN36,$AQ$5)-COUNTIF(J36:AN36,$AQ$6)-COUNTIF(J36:AN36,$AQ$7)-COUNTIF($J$14:$AN$14,#REF!)/2 -> 26
A37: =+ROW()-4 -> 33 | B37: LX dự án | D37: Nguyễn Văn Hạnh | E37: 984703946 | F37: XE00882 | G37: 8 CL | I37: BN | O37: 1GL | P37: 1GL | Q37: 1GL | R37: 1GL | S37: 1GL | T37: 1GL | U37: 2GL | V37: 2GL | W37: 2GL | X37: 2GL | Y37: 2GL | Z37: C | AA37: C | AB37: 3GL | AC37: 3GL | AD37: 3GL | AE37: 3GL | AF37: 3GL | AG37: C | AH37: 4LD | AI37: 4LD | AJ37: 4LD | AK37: 4LD | AL37: 4LD | AM37: 5GL | AN37: 5GL | AO37: =COUNTA(J37:AN37)-COUNTIF(J37:AN37,$AQ$5)-COUNTIF(J37:AN37,$AQ$6)-COUNTIF(J37:AN37,$AQ$7)-COUNTIF($J$14:$AN$14,#REF!)/2 -> 26
A38: =+ROW()-4 -> 34 | B38: LX dự án | C38: 29G-023.49 | D38: Đỗ Phi Hùng | E38: 862567126 | F38: XE00789 | G38: 8 CL | I38: BN | J38: C | K38: 1LD | L38: 1LD | M38: 1LD | N38: 1LD | O38: 1LD | P38: 2SG | Q38: 2SG | R38: 2SG | S38: 2SG | T38: 3GL | U38: 3GL | V38: 3GL | W38: 3GL | X38: 3GL | Y38: 4GL | Z38: 4GL | AA38: 4GL | AB38: 4GL | AC38: 4GL | AD38: 5LD | AE38: 5LD | AF38: 5LD | AG38: 5LD | AH38: 5LD | AI38: 6GL | AJ38: 6GL | AK38: 6GL | AL38: 6GL | AM38: 6GL | AN38: 6GL | AO38: =COUNTA(J38:AN38)-COUNTIF(J38:AN38,$AQ$5)-COUNTIF(J38:AN38,$AQ$6)-COUNTIF(J38:AN38,$AQ$7)-COUNTIF($J$14:$AN$14,#REF!)/2 -> 31
A39: =+ROW()-4 -> 35 | B39: LX dự án | D39: Phan Lưu Sơn | E39: 979896184 | F39: XE00831 | G39: 8 CL | I39: BN | J39: C | K39: O | L39: C | M39: C | N39: C | O39: C | P39: TL | Q39: TC | R39: C | S39: TL | T39: C | U39: TC | V39: FTG | W39: FTG | X39: C | Y39: 1GL | Z39: 1GL | AA39: 1GL | AB39: 1GL | AC39: 1GL | AD39: 2LD | AE39: 2LD | AF39: 2LD | AG39: 2LD | AH39: 2LD | AI39: 3GL | AJ39: 3GL | AK39: 3GL | AL39: 3GL | AM39: 3GL | AN39: 3GL | AO39: =COUNTA(J39:AN39)-COUNTIF(J39:AN39,$AQ$5)-COUNTIF(J39:AN39,$AQ$6)-COUNTIF(J39:AN39,$AQ$7)-COUNTIF($J$14:$AN$14,#REF!)/2 -> 30
A40: =+ROW()-4 -> 36 | B40: LX dự án | C40: 29E-120.73 | D40: Phạm Văn Duy | E40: 986629593 | F40: XE00830 | G40: 15 | I40: BN | J40: JT | K40: JT | L40: C | M40: C | N40: 1GL | O40: 1GL | P40: 1GL | Q40: 1GL | R40: 1GL | S40: 1GL | T40: 2GL | U40: 2GL | V40: 2GL | W40: 2GL | X40: 2GL | Y40: C | Z40: C | AA40: C | AB40: C | AC40: 3GL | AD40: 3GL | AE40: 3GL | AF40: 3GL | AG40: 3GL | AH40: 3GL | AI40: C | AJ40: 4LD | AK40: 4LD | AL40: 4LD | AM40: 4LD | AN40: 4LD | AO40: =COUNTA(J40:AN40)-COUNTIF(J40:AN40,$AQ$5)-COUNTIF(J40:AN40,$AQ$6)-COUNTIF(J40:AN40,$AQ$7)-COUNTIF($J$14:$AN$14,#REF!)/2 -> 31
B41: LX dự án | D41: Phạm Văn Dũng | E41: 822608662 | F41: XE00933 | G41: 15 | I41: BN | AJ41: 1LD | AK41: 1LD | AL41: 1LD | AM41: 1LD | AN41: 1LD | AO41: =COUNTA(J41:AN41)-COUNTIF(J41:AN41,$AQ$5)-COUNTIF(J41:AN41,$AQ$6)-COUNTIF(J41:AN41,$AQ$7)-COUNTIF($J$14:$AN$14,#REF!)/2 -> 5
A42: =+ROW()-4 -> 38 | B42: LX dự án | C42: 29E-124.10 | D42: Đặng Ngọc Lâm | E42: 978975812 | F42: XE00835 | G42: 15 | I42: BN | J42: JT | K42: JT | L42: JT | M42: C | N42: 1GL | O42: 1GL | P42: 1GL | Q42: 1GL | R42: 1GL | S42: 1GL | T42: 2LD | U42: 2LD | V42: 2LD | W42: 2LD | X42: 2LD | Y42: 2LD | Z42: C | AA42: 3GL | AB42: 3GL | AC42: 3GL | AD42: 3GL | AE42: 3GL | AF42: 3GL | AG42: C | AH42: 4GL | AI42: 4GL | AJ42: 4GL | AK42: 4GL | AL42: 6LD | AM42: 6LD | AN42: 6LD | AO42: =COUNTA(J42:AN42)-COUNTIF(J42:AN42,$AQ$5)-COUNTIF(J42:AN42,$AQ$6)-COUNTIF(J42:AN42,$AQ$7)-COUNTIF($J$14:$AN$14,#REF!)/2 -> 31
A43: =+ROW()-4 -> 39 | B43: LX dự án | D43: Võ Hồng Thuỷ | E43: 333105152 | F43: XE00850 | G43: 15 | I43: BN | J43: JT | K43: JT | L43: JT | M43: C | N43: 1GL | O43: 1GL | P43: 1GL | Q43: 1GL | R43: 1GL | S43: 1GL | T43: 2LD | U43: 2LD | V43: 2LD | W43: 2LD | X43: 2LD | Y43: 2LD | Z43: C | AA43: 3GL | AB43: 3GL | AC43: 3GL | AD43: 3GL | AE43: 3GL | AF43: 3GL | AG43: C | AH43: 4GL | AI43: 4GL | AJ43: 4GL | AK43: 4GL | AL43: 6LD | AM43: 6LD | AN43: 6LD | AO43: =COUNTA(J43:AN43)-COUNTIF(J43:AN43,$AQ$5)-COUNTIF(J43:AN43,$AQ$6)-COUNTIF(J43:AN43,$AQ$7)-COUNTIF($J$14:$AN$14,#REF!)/2 -> 31
A44: =+ROW()-4 -> 40 | B44: LX dự án | C44: 29E-096.03 | D44: Hoàng Minh Thịnh | E44: 989118712 | F44: XE00705 | G44: 15 | I44: BN | J44: C | K44: 1GL | L44: 1GL | M44: 1GL | N44: 1GL | O44: 1GL | P44: 2LD | Q44: 2LD | R44: 2LD | S44: 2LD | T44: 2LD | U44: 3LD | V44: 3LD | W44: 3LD | X44: 3LD | Y44: 3LD | Z44: C | AA44: C | AB44: 4LD | AC44: 4LD | AD44: 4LD | AE44: 4LD | AF44: 4LD | AG44: C | AH44: TC | AI44: TC | AJ44: 5GL | AK44: 5GL | AL44: 5GL | AM44: 5GL | AN44: 5GL | AO44: =COUNTA(J44:AN44)-COUNTIF(J44:AN44,$AQ$5)-COUNTIF(J44:AN44,$AQ$6)-COUNTIF(J44:AN44,$AQ$7)-COUNTIF($J$14:$AN$14,#REF!)/2 -> 31
A45: =+ROW()-4 -> 41 | B45: LX dự án | D45: Lê Mạnh Cường | E45: 923453896 | F45: XE00671 | G45: 15 | I45: BN | J45: C | K45: 1GL | L45: 1GL | M45: 1GL | N45: 1GL | O45: 1GL | P45: 1GL | Q45: C | R45: C | S45: C | T45: C | U45: 2LD | V45: 2LD | W45: 2LD | X45: 2LD | Y45: 2LD | Z45: C | AA45: C | AB45: 3LD | AC45: 3LD | AD45: 3LD | AE45: 3LD | AF45: 3LD | AG45: C | AH45: Aeon | AI45: TC | AJ45: 4GL | AK45: 4GL | AL45: 4GL | AM45: 4GL | AN45: 4GL | AO45: =COUNTA(J45:AN45)-COUNTIF(J45:AN45,$AQ$5)-COUNTIF(J45:AN45,$AQ$6)-COUNTIF(J45:AN45,$AQ$7)-COUNTIF($J$14:$AN$14,#REF!)/2 -> 31
A46: =+ROW()-4 -> 42 | B46: LX dự án | C46: 29K-079.24 | D46: Trần Xuân Trường | E46: 974392325 | F46: XE00499 | G46: 15 | I46: BN | J46: JT | K46: JT | L46: 1LD | M46: 1LD | N46: 1LD | O46: 1LD | P46: 2GL | Q46: 2GL | R46: 2GL | S46: 2GL | T46: 2GL | U46: 3LD | V46: 3LD | W46: 3LD | X46: 3LD | Y46: 3LD | Z46: C | AA46: 4LD | AB46: 4LD | AC46: 4LD | AD46: 4LD | AE46: 4LD | AF46: C | AG46: 5GL | AH46: 5GL | AI46: 5GL | AJ46: 5GL | AK46: 5GL | AL46: 6LD | AM46: 6LD | AN46: 6LD | AO46: =COUNTA(J46:AN46)-COUNTIF(J46:AN46,$AQ$5)-COUNTIF(J46:AN46,$AQ$6)-COUNTIF(J46:AN46,$AQ$7)-COUNTIF($J$14:$AN$14,#REF!)/2 -> 31
A47: =+ROW()-4 -> 43 | B47: LX dự án | D47: Mai Văn Long | E47: 971106882 | F47: XE00547 | G47: 15 | I47: BN | J47: JT | K47: JT | L47: 1LD | M47: 1LD | N47: 1LD | O47: 1LD | P47: 2GL | Q47: 2GL | R47: 2GL | S47: 2GL | T47: 2GL | U47: 3LD | V47: 3LD | W47: 3LD | X47: 3LD | Y47: 3LD | Z47: C | AA47: 4LD | AB47: 4LD | AC47: 4LD | AD47: 4LD | AE47: 4LD | AF47: C | AG47: 5GL | AH47: 5GL | AI47: 5GL | AJ47: 5GL | AK47: 5GL | AL47: 6LD | AM47: 6LD | AN47: 6LD | AO47: =COUNTA(J47:AN47)-COUNTIF(J47:AN47,$AQ$5)-COUNTIF(J47:AN47,$AQ$6)-COUNTIF(J47:AN47,$AQ$7)-COUNTIF($J$14:$AN$14,#REF!)/2 -> 31
A48: =+ROW()-4 -> 44 | B48: LX dự án | C48: 29E-124.01 | D48: Trần Văn Thanh B | E48: 376172175 | F48: XE00818 | G48: 15 | I48: BN | J48: JT | K48: JT | L48: JT | M48: C | N48: 1DN | O48: 1DN | P48: 1DN | Q48: 1DN | R48: 1DN | S48: 1DN | T48: 1DN | U48: 2LD | V48: 2LD | W48: 2LD | X48: 2LD | Y48: 2LD | Z48: C | AA48: C | AB48: 3GL | AC48: 3GL | AD48: 3GL | AE48: 3GL | AF48: 4LD | AG48: 4LD | AH48: 4LD | AI48: 4LD | AJ48: O | AK48: O | AL48: O | AM48: 5LD | AN48: 5LD | AO48: =COUNTA(J48:AN48)-COUNTIF(J48:AN48,$AQ$5)-COUNTIF(J48:AN48,$AQ$6)-COUNTIF(J48:AN48,$AQ$7)-COUNTIF($J$14:$AN$14,#REF!)/2 -> 28
A49: =+ROW()-4 -> 45 | B49: LX dự án | D49: Trương Quang Đô | E49: 968736838 | F49: XE00829 | G49: 15 | I49: BN | J49: JT | K49: JT | L49: JT | M49: C | N49: 1DN | O49: 1DN | P49: 1DN | Q49: 1DN | R49: 1DN | S49: 1DN | T49: 1DN | U49: 2LD | V49: 2LD | W49: 2LD | X49: 2LD | Y49: 2LD | Z49: C | AA49: C | AB49: 3GL | AC49: 3GL | AD49: 3GL | AE49: 3GL | AF49: 4LD | AG49: 4LD | AH49: 4LD | AI49: 4LD | AJ49: O | AK49: O | AL49: O | AM49: 5LD | AN49: 5LD | AO49: =COUNTA(J49:AN49)-COUNTIF(J49:AN49,$AQ$5)-COUNTIF(J49:AN49,$AQ$6)-COUNTIF(J49:AN49,$AQ$7)-COUNTIF($J$14:$AN$14,#REF!)/2 -> 28
A50: =+ROW()-4 -> 46 | B50: LX dự án | C50: 29E-127.47 | D50: Hoàng Gia Sùng | E50: 967418238 | F50: XE00867 | G50: 8 CL | I50: BN | J50: O | K50: O | L50: 1LD | M50: 1LD | N50: 1LD | O50: 1LD | P50: 2LD | Q50: 2LD | R50: 2LD | S50: 2LD | T50: 2LD | U50: 3GL | V50: 3GL | W50: 3GL | X50: 3GL | Y50: C | Z50: 4LD | AA50: 4LD | AB50: 4LD | AC50: 4LD | AD50: 4LD | AE50: 5GL | AF50: 5GL | AG50: 5GL | AH50: 5GL | AI50: 5GL | AJ50: C | AK50: 6GL | AL50: 6GL | AM50: 6GL | AN50: 6GL | AO50: =COUNTA(J50:AN50)-COUNTIF(J50:AN50,$AQ$5)-COUNTIF(J50:AN50,$AQ$6)-COUNTIF(J50:AN50,$AQ$7)-COUNTIF($J$14:$AN$14,#REF!)/2 -> 29
A51: =+ROW()-4 -> 47 | B51: LX dự án | D51: Phạm Văn Hải B | E51: 379427150 | F51: XE00747 | G51: 8 CL | I51: BN | J51: dm | K51: 1LD | L51: 1LD | M51: 1LD | N51: 1LD | O51: 1LD | P51: 2SG | Q51: 2SG | R51: 2SG | S51: 2SG | T51: 2SG | U51: 3GL | V51: 3GL | W51: 3GL | X51: 3GL | Y51: C | Z51: 4LD | AA51: 4LD | AB51: 4LD | AC51: 4LD | AD51: 4LD | AE51: 5GL | AF51: 5GL | AG51: 5GL | AH51: 5GL | AI51: 5GL | AJ51: O | AK51: 6GL | AL51: 6GL | AM51: 6GL | AN51: 6GL | AO51: =COUNTA(J51:AN51)-COUNTIF(J51:AN51,$AQ$5)-COUNTIF(J51:AN51,$AQ$6)-COUNTIF(J51:AN51,$AQ$7)-COUNTIF($J$14:$AN$14,#REF!)/2 -> 30
A52: =+ROW()-4 -> 48 | B52: LX dự án | D52: Vũ Hồng Nam | E52: 979251508 | F52: XE00788 | G52: 15 | I52: BN | J52: C | K52: O | AN52: C | AO52: =COUNTA(J52:AN52)-COUNTIF(J52:AN52,$AQ$5)-COUNTIF(J52:AN52,$AQ$6)-COUNTIF(J52:AN52,$AQ$7)-COUNTIF($J$14:$AN$14,#REF!)/2 -> 2
A53: =+ROW()-4 -> 49 | B53: LX dự án | C53: 29E-124.20 | D53: Hà Nguyên Dậu | E53: 988217399 | F53: XE00843 | G53: 50'' lạnh | I53: BN | J53: C | K53: C | L53: C | M53: C | N53: C | O53: C | P53: C | Q53: C | R53: O | S53: HBC | T53: HBC | U53: HBC | V53: HBC | W53: C | X53: C | Y53: C | Z53: C | AA53: C | AB53: C | AC53: C | AD53: C | AE53: C | AF53: C | AG53: C | AH53: C | AI53: C | AJ53: C | AK53: C | AL53: C | AM53: C | AN53: C | AO53: =COUNTA(J53:AN53)-COUNTIF(J53:AN53,$AQ$5)-COUNTIF(J53:AN53,$AQ$6)-COUNTIF(J53:AN53,$AQ$7)-COUNTIF($J$14:$AN$14,#REF!)/2 -> 30
A54: =+ROW()-4 -> 50 | B54: LX dự án | D54: Nguyễn Thanh Bình B | E54: 379571389 | F54: XE00844 | G54: 50'' lạnh | I54: BN | J54: C | K54: O | L54: C | M54: C | N54: C | O54: C | P54: C | Q54: C | R54: C | S54: HBC | T54: HBC | U54: HBC | V54: HBC | W54: C | X54: C | Y54: C | Z54: C | AA54: C | AB54: C | AC54: C | AD54: C | AE54: C | AF54: C | AG54: C | AH54: C | AI54: C | AJ54: C | AK54: C | AL54: C | AM54: C | AN54: C | AO54: =COUNTA(J54:AN54)-COUNTIF(J54:AN54,$AQ$5)-COUNTIF(J54:AN54,$AQ$6)-COUNTIF(J54:AN54,$AQ$7)-COUNTIF($J$14:$AN$14,#REF!)/2 -> 30
A55: =+ROW()-4 -> 51 | B55: LX dự án | C55: 29E-121.43 | D55: Đỗ Ngọc Thông | E55: 942690200 | F55: XE00858 | G55: 50'' lạnh | I55: BN | J55: C | K55: O | L55: C | M55: C | N55: C | O55: C | P55: C | Q55: C | R55: C | S55: C | T55: C | U55: HL | V55: HL | W55: HL | X55: C | Y55: C | Z55: C | AA55: C | AB55: C | AC55: C | AD55: C | AE55: C | AF55: C | AG55: C | AH55: C | AI55: C | AJ55: C | AK55: C | AL55: C | AM55: C | AN55: C | AO55: =COUNTA(J55:AN55)-COUNTIF(J55:AN55,$AQ$5)-COUNTIF(J55:AN55,$AQ$6)-COUNTIF(J55:AN55,$AQ$7)-COUNTIF($J$14:$AN$14,#REF!)/2 -> 30
A56: =+ROW()-4 -> 52 | B56: LX dự án | D56: Đỗ Văn Nam | E56: 989354116 | F56: XE00855 | G56: 50'' lạnh | I56: BN | J56: C | K56: O | L56: C | M56: C | N56: C | O56: C | P56: C | Q56: C | R56: C | S56: C | T56: C | U56: HL | V56: HL | W56: HL | X56: C | Y56: C | Z56: C | AA56: C | AB56: C | AC56: C | AD56: C | AE56: C | AF56: C | AG56: C | AH56: C | AI56: C | AJ56: C | AK56: C | AL56: C | AM56: C | AN56: C | AO56: =COUNTA(J56:AN56)-COUNTIF(J56:AN56,$AQ$5)-COUNTIF(J56:AN56,$AQ$6)-COUNTIF(J56:AN56,$AQ$7)-COUNTIF($J$14:$AN$14,#REF!)/2 -> 30
A57: =+ROW()-4 -> 53 | B57: LX dự án | C57: 29E-123.33 | D57: Dương Văn Hoan | E57: 943948222 | F57: XE00864 | G57: 50'' lạnh | I57: BN | L57: C | M57: C | N57: C | O57: C | P57: C | Q57: C | R57: C | S57: C | T57: C | U57: C | V57: C | W57: C | X57: C | Y57: C | Z57: C | AA57: C | AB57: C | AC57: C | AD57: C | AE57: C | AF57: C | AG57: C | AH57: C | AI57: C | AJ57: C | AK57: C | AL57: C | AM57: C | AN57: C | AO57: =COUNTA(J57:AN57)-COUNTIF(J57:AN57,$AQ$5)-COUNTIF(J57:AN57,$AQ$6)-COUNTIF(J57:AN57,$AQ$7)-COUNTIF($J$14:$AN$14,#REF!)/2 -> 29
A58: =+ROW()-4 -> 54 | B58: LX dự án | C58: 29E-121.20 | D58: Lê Thanh Đang | E58: 912729000 | F58: XE00853 | G58: 50'' lạnh | I58: BN | L58: C | M58: C | N58: C | O58: C | P58: C | Q58: C | R58: C | S58: C | T58: C | U58: C | V58: C | W58: C | X58: C | Y58: C | Z58: C | AA58: C | AB58: C | AC58: C | AD58: C | AE58: C | AF58: C | AG58: C | AH58: C | AI58: C | AJ58: C | AK58: C | AL58: C | AM58: C | AN58: C | AO58: =COUNTA(J58:AN58)-COUNTIF(J58:AN58,$AQ$5)-COUNTIF(J58:AN58,$AQ$6)-COUNTIF(J58:AN58,$AQ$7)-COUNTIF($J$14:$AN$14,#REF!)/2 -> 29
A59: =+ROW()-4 -> 55 | B59: LX dự án | D59: Phạm Quốc Toàn | E59: 919661635 | F59: XE00854 | G59: 50'' lạnh | I59: BN | L59: C | M59: C | N59: C | O59: C | P59: C | Q59: C | R59: C | S59: C | T59: C | U59: C | V59: C | W59: C | X59: C | Y59: C | Z59: C | AA59: C | AB59: C | AC59: C | AD59: C | AE59: C | AF59: C | AG59: C | AH59: C | AI59: C | AJ59: C | AK59: C | AL59: C | AM59: C | AN59: C | AO59: =COUNTA(J59:AN59)-COUNTIF(J59:AN59,$AQ$5)-COUNTIF(J59:AN59,$AQ$6)-COUNTIF(J59:AN59,$AQ$7)-COUNTIF($J$14:$AN$14,#REF!)/2 -> 29
A60: =+ROW()-4 -> 56 | B60: LX dự án | C60: 29E-124.36 | D60: Phạm Văn Khâm | E60: 944507607 | F60: XE00865 | G60: 50'' lạnh | I60: BN | L60: C | M60: C | N60: C | O60: C | P60: C | Q60: C | R60: C | S60: C | T60: C | U60: C | V60: C | W60: C | X60: C | Y60: C | Z60: C | AA60: C | AB60: C | AC60: C | AD60: C | AE60: C | AF60: C | AG60: C | AH60: C | AI60: C | AJ60: C | AK60: C | AL60: C | AM60: C | AN60: C | AO60: =COUNTA(J60:AN60)-COUNTIF(J60:AN60,$AQ$5)-COUNTIF(J60:AN60,$AQ$6)-COUNTIF(J60:AN60,$AQ$7)-COUNTIF($J$14:$AN$14,#REF!)/2 -> 29
A61: =+ROW()-4 -> 57 | B61: LX dự án | D61: Vũ Ngọc Thường | E61: 979968535 | F61: XE00893 | G61: 50'' lạnh | I61: BN | L61: C | M61: C | N61: C | O61: C | P61: C | Q61: C | R61: C | S61: C | T61: C | U61: C | V61: C | W61: C | X61: C | Y61: C | Z61: C | AA61: C | AB61: C | AC61: C | AD61: C | AE61: C | AF61: C | AG61: C | AH61: C | AI61: C | AJ61: C | AK61: C | AL61: C | AM61: C | AN61: C | AO61: =COUNTA(J61:AN61)-COUNTIF(J61:AN61,$AQ$5)-COUNTIF(J61:AN61,$AQ$6)-COUNTIF(J61:AN61,$AQ$7)-COUNTIF($J$14:$AN$14,#REF!)/2 -> 29
A62: =+ROW()-4 -> 58 | B62: LX dự án | C62: 29E-124.12 | D62: Nguyễn Đình Mạnh | E62: 384187690 | F62: XE00879 | G62: 50'' lạnh | I62: BN | L62: C | M62: C | N62: C | O62: C | P62: C | Q62: C | R62: C | S62: C | T62: C | U62: C | V62: C | W62: C | X62: C | Y62: C | Z62: C | AA62: C | AB62: C | AC62: C | AD62: C | AE62: C | AF62: C | AG62: C | AH62: C | AI62: C | AJ62: C | AK62: C | AL62: C | AM62: C | AN62: C | AO62: =COUNTA(J62:AN62)-COUNTIF(J62:AN62,$AQ$5)-COUNTIF(J62:AN62,$AQ$6)-COUNTIF(J62:AN62,$AQ$7)-COUNTIF($J$14:$AN$14,#REF!)/2 -> 29
A63: =+ROW()-4 -> 59 | B63: LX dự án | D63: Phạm Ngọc Cần | E63: 966818464 | F63: XE00894 | G63: 50'' lạnh | I63: BN | L63: C | M63: C | N63: C | O63: C | P63: C | Q63: C | R63: C | S63: C | T63: C | U63: C | V63: C | W63: C | X63: C | Y63: C | Z63: C | AA63: C | AB63: C | AC63: C | AD63: C | AE63: C | AF63: C | AG63: C | AH63: C | AI63: C | AJ63: C | AK63: C | AL63: C | AM63: C | AN63: C | AO63: =COUNTA(J63:AN63)-COUNTIF(J63:AN63,$AQ$5)-COUNTIF(J63:AN63,$AQ$6)-COUNTIF(J63:AN63,$AQ$7)-COUNTIF($J$14:$AN$14,#REF!)/2 -> 29
A64: =+ROW()-4 -> 60 | B64: LX dự án | C64: 29E-143.10 | D64: Hoả Văn Lâm | E64: 947449560 | F64: XE00907 | G64: 50'' lạnh | I64: BN | AB64: C | AC64: C | AD64: C | AE64: C | AF64: C | AG64: C | AH64: C | AI64: C | AJ64: C | AK64: C | AL64: C | AM64: C | AN64: C | AO64: =COUNTA(J64:AN64)-COUNTIF(J64:AN64,$AQ$5)-COUNTIF(J64:AN64,$AQ$6)-COUNTIF(J64:AN64,$AQ$7)-COUNTIF($J$14:$AN$14,#REF!)/2 -> 13
A65: =+ROW()-4 -> 61 | B65: LX dự án | D65: Hoả Văn Quyết | E65: 974953028 | F65: XE00908 | G65: 50'' lạnh | I65: BN | AB65: C | AC65: C | AD65: C | AE65: C | AF65: C | AG65: C | AH65: C | AI65: C | AJ65: C | AK65: C | AL65: C | AM65: C | AN65: C | AO65: =COUNTA(J65:AN65)-COUNTIF(J65:AN65,$AQ$5)-COUNTIF(J65:AN65,$AQ$6)-COUNTIF(J65:AN65,$AQ$7)-COUNTIF($J$14:$AN$14,#REF!)/2 -> 13
A66: =+ROW()-4 -> 62 | B66: LX dự án | C66: 29E-142.14 | D66: Trần Xuân Thoả | E66: 978810619 | F66: XE00909 | G66: 50'' lạnh | I66: BN | L66: C | M66: C | N66: C | O66: C | P66: C | Q66: C | R66: C | S66: C | T66: C | U66: C | V66: C | W66: C | X66: C | Y66: C | Z66: C | AA66: C | AB66: C | AC66: C | AD66: C | AE66: C | AF66: C | AG66: C | AH66: C | AI66: C | AJ66: C | AK66: C | AL66: C | AM66: C | AN66: C | AO66: =COUNTA(J66:AN66)-COUNTIF(J66:AN66,$AQ$5)-COUNTIF(J66:AN66,$AQ$6)-COUNTIF(J66:AN66,$AQ$7)-COUNTIF($J$14:$AN$14,#REF!)/2 -> 29 | AP66: 13h30 ngày 30/03
A67: =+ROW()-4 -> 63 | B67: LX dự án | D67: Đỗ Ngọc Chiến | E67: 962808156 | F67: XE00910 | G67: 50'' lạnh | I67: BN | L67: C | M67: C | N67: C | O67: C | P67: C | Q67: C | R67: C | S67: C | T67: C | U67: C | V67: C | W67: C | X67: C | Y67: C | Z67: C | AA67: C | AB67: C | AC67: C | AD67: C | AE67: C | AF67: C | AG67: C | AH67: C | AI67: C | AJ67: C | AK67: C | AL67: C | AM67: C | AN67: C | AO67: =COUNTA(J67:AN67)-COUNTIF(J67:AN67,$AQ$5)-COUNTIF(J67:AN67,$AQ$6)-COUNTIF(J67:AN67,$AQ$7)-COUNTIF($J$14:$AN$14,#REF!)/2 -> 29
A68: =+ROW()-4 -> 64 | B68: LX dự án | C68: 29E-144.24 | D68: Vũ Ngọc Tiến | E68: 789199979 | F68: XE00863 | G68: 50'' lạnh | I68: BN | L68: C | M68: C | N68: C | O68: C | P68: C | Q68: C | R68: C | S68: C | T68: C | U68: C | V68: C | W68: C | X68: C | Y68: C | Z68: C | AA68: C | AB68: C | AC68: C | AD68: C | AE68: C | AF68: C | AG68: C | AH68: C | AI68: C | AJ68: C | AK68: C | AL68: C | AM68: C | AN68: C | AO68: =COUNTA(J68:AN68)-COUNTIF(J68:AN68,$AQ$5)-COUNTIF(J68:AN68,$AQ$6)-COUNTIF(J68:AN68,$AQ$7)-COUNTIF($J$14:$AN$14,#REF!)/2 -> 29 | AP68: 13h30 ngày 30/03
A69: =+ROW()-4 -> 65 | B69: LX dự án | D69: Vũ Hồng Sơn | E69: 901786678 | F69: XE00906 | G69: 50'' lạnh | I69: BN | L69: C | M69: C | N69: C | O69: C | P69: C | Q69: C | R69: C | S69: C | T69: C | U69: C | V69: C | W69: C | X69: C | Y69: C | Z69: C | AA69: C | AB69: C | AC69: C | AD69: C | AE69: C | AF69: C | AG69: C | AH69: C | AI69: C | AJ69: C | AK69: C | AL69: C | AM69: C | AN69: C | AO69: =COUNTA(J69:AN69)-COUNTIF(J69:AN69,$AQ$5)-COUNTIF(J69:AN69,$AQ$6)-COUNTIF(J69:AN69,$AQ$7)-COUNTIF($J$14:$AN$14,#REF!)/2 -> 29
A70: =+ROW()-4 -> 66 | B70: LX dự án | D70: Nguyễn Tiến Duy | E70: 983561361 | F70: XE00849 | G70: 50'' lạnh | I70: BN | L70: C | M70: C | N70: C | O70: C | P70: C | Q70: C | R70: C | S70: C | T70: C | U70: C | V70: C | W70: C | X70: C | Y70: C | Z70: C | AA70: C | AB70: C | AC70: C | AD70: C | AE70: C | AF70: C | AG70: C | AH70: C | AI70: C | AJ70: C | AK70: C | AL70: C | AM70: C | AN70: C | AO70: =COUNTA(J70:AN70)-COUNTIF(J70:AN70,$AQ$5)-COUNTIF(J70:AN70,$AQ$6)-COUNTIF(J70:AN70,$AQ$7)-COUNTIF($J$14:$AN$14,#REF!)/2 -> 29
A71: =+ROW()-4 -> 67 | B71: LX dự án | D71: Hoàng Ngọc Cường B | E71: 396753045 | F71: XE00836 | G71: 15 | I71: BN | J71: JT | K71: JT | L71: C | M71: C | N71: 1GL | O71: 1GL | P71: 1GL | Q71: 1GL | R71: 1GL | S71: 1GL | T71: 1GL | U71: O | V71: O | W71: O | X71: O | Y71: O | Z71: O | AA71: O | AB71: O | AC71: O | AD71: O | AE71: O | AF71: O | AG71: O | AH71: O | AI71: O | AJ71: O | AK71: O | AL71: O | AM71: O | AN71: O | AO71: =COUNTA(J71:AN71)-COUNTIF(J71:AN71,$AQ$5)-COUNTIF(J71:AN71,$AQ$6)-COUNTIF(J71:AN71,$AQ$7)-COUNTIF($J$14:$AN$14,#REF!)/2 -> 11
A72: =+ROW()-4 -> 68 | B72: LX dự án | D72: Nguyễn Văn Dũng | E72: 979434793 | G72: 8 | I72: BN | K72: C | L72: OF | M72: OF | AO72: =COUNTA(J72:AN72)-COUNTIF(J72:AN72,$AQ$5)-COUNTIF(J72:AN72,$AQ$6)-COUNTIF(J72:AN72,$AQ$7)-COUNTIF($J$14:$AN$14,#REF!)/2 -> 1
