Workbook

Sheet Dữ liệu ứng lương T05.26
A1: Mã NV | B1: Số tiền ứng T05.26
A2: XE00499 | B2: 3000000 | C2: =+SUMIFS('Kế toán'!$F$2:$F$212,'Kế toán'!$J$2:$J$212,'Dữ liệu ứng lương T05.26'!A2) -> 3000000 | D2: =+B2-C2 -> 0
A3: XE00843 | B3: 3000000 | C3: =+SUMIFS('Kế toán'!$F$2:$F$212,'Kế toán'!$J$2:$J$212,'Dữ liệu ứng lương T05.26'!A3) -> 3000000 | D3: =+B3-C3 -> 0
A4: XE00844 | B4: 3000000 | C4: =+SUMIFS('Kế toán'!$F$2:$F$212,'Kế toán'!$J$2:$J$212,'Dữ liệu ứng lương T05.26'!A4) -> 3000000 | D4: =+B4-C4 -> 0
A5: XE00853 | B5: 6000000 | C5: =+SUMIFS('Kế toán'!$F$2:$F$212,'Kế toán'!$J$2:$J$212,'Dữ liệu ứng lương T05.26'!A5) -> 6000000 | D5: =+B5-C5 -> 0
A6: XE00854 | B6: 6000000 | C6: =+SUMIFS('Kế toán'!$F$2:$F$212,'Kế toán'!$J$2:$J$212,'Dữ liệu ứng lương T05.26'!A6) -> 6000000 | D6: =+B6-C6 -> 0
A7: XE00855 | B7: 3000000 | C7: =+SUMIFS('Kế toán'!$F$2:$F$212,'Kế toán'!$J$2:$J$212,'Dữ liệu ứng lương T05.26'!A7) -> 3000000 | D7: =+B7-C7 -> 0
A8: XE00858 | B8: 6000000 | C8: =+SUMIFS('Kế toán'!$F$2:$F$212,'Kế toán'!$J$2:$J$212,'Dữ liệu ứng lương T05.26'!A8) -> 6000000 | D8: =+B8-C8 -> 0
A9: XE00865 | B9: 6000000 | C9: =+SUMIFS('Kế toán'!$F$2:$F$212,'Kế toán'!$J$2:$J$212,'Dữ liệu ứng lương T05.26'!A9) -> 6000000 | D9: =+B9-C9 -> 0
A10: XE00873 | B10: 3000000 | C10: =+SUMIFS('Kế toán'!$F$2:$F$212,'Kế toán'!$J$2:$J$212,'Dữ liệu ứng lương T05.26'!A10) -> 3000000 | D10: =+B10-C10 -> 0
A11: XE00893 | B11: 6000000 | C11: =+SUMIFS('Kế toán'!$F$2:$F$212,'Kế toán'!$J$2:$J$212,'Dữ liệu ứng lương T05.26'!A11) -> 6000000 | D11: =+B11-C11 -> 0
A12: XE00894 | B12: 3000000 | C12: =+SUMIFS('Kế toán'!$F$2:$F$212,'Kế toán'!$J$2:$J$212,'Dữ liệu ứng lương T05.26'!A12) -> 3000000 | D12: =+B12-C12 -> 0
A13: XE00907 | B13: 6000000 | C13: =+SUMIFS('Kế toán'!$F$2:$F$212,'Kế toán'!$J$2:$J$212,'Dữ liệu ứng lương T05.26'!A13) -> 6000000 | D13: =+B13-C13 -> 0
... A85: XE01709 | B85: 3000000 | C85: =+SUMIFS('Kế toán'!$F$2:$F$212,'Kế toán'!$J$2:$J$212,'Dữ liệu ứng lương T05.26'!A85) -> 3000000 | D85: =+B85-C85 -> 0
A86: Cộng | B86: =SUM(B2:B85) -> 375000000

Sheet Kế toán
A1: Ngày hạch toán | B1: Ngày chứng từ | C1: Số chứng từ | D1: Diễn giải | E1: TK đối ứng | F1: Nợ | G1: Có | H1: Nợ | I1: Có | J1: Mã đối tượng
A2: 46150 | B2: 46150 | C2: KTHN2787 | D2: Tạm ứng chi phí đi đường cho lái xe ngày 08/05/26 - Bùi Duy Hiếu 29E38126 | E2: 1411 | F2: 1500000 | G2: 0 | H2: 0 | I2: 22728167 | J2: XE01563
A3: 46153 | B3: 46153 | C3: KTHN2784 | D3: Tạm ứng chi phí đi đường cho lái xe ngày 11/05/26 - Bùi Ngọc Ninh 29E12401 | E3: 1411 | F3: 1500000 | G3: 0 | H3: 0 | I3: 7808670 | J3: XE01670
A4: 46144 | B4: 46144 | C4: KTHN2793 | D4: Tạm ứng chi phí đi đường cho lái xe ngày 02/05/26 - Bùi Văn Đào 29E08175 | E4: 1411 | F4: 1500000 | G4: 0 | H4: 0 | I4: 29356164 | J4: XE01331
A5: 46154 | B5: 46154 | C5: KTHN2993 | D5: Tạm ứng chi phí đi đường cho lái xe ngày 12/05/26 - GH-1134 Bùi Văn Đào 29E08175 | E5: 1411 | F5: 1500000 | G5: 0 | H5: 0 | I5: 27856164 | J5: XE01331
A6: 46160 | B6: 46160 | C6: KTHN2982 | D6: Tạm ứng chi phí đi đường cho lái xe ngày 18/05/26 - DA-1284 Bùi Văn Đào 29E08175 | E6: 1411 | F6: 1500000 | G6: 0 | H6: 0 | I6: 12423435 | J6: XE01331
A7: 46153 | B7: 46153 | C7: KTHN2784 | D7: Tạm ứng chi phí đi đường cho lái xe ngày 11/05/26 - Cao Hoài Tiên 29E12401 | E7: 1411 | F7: 1500000 | G7: 0 | H7: 0 | I7: 22132869 | J7: XE01477
A8: 46151 | B8: 46151 | C8: KTHN2786 | D8: Tạm ứng chi phí đi đường cho lái xe ngày 09/05/26 - Cao Phong Anh 29E38159 | E8: 1411 | F8: 1500000 | G8: 0 | H8: 0 | I8: 16680557 | J8: XE01591
A9: 46151 | B9: 46151 | C9: KTHN2786 | D9: Tạm ứng chi phí đi đường cho lái xe ngày 09/05/26 - Cao Tuấn Anh 29E38159 | E9: 1411 | F9: 1500000 | G9: 0 | H9: 0 | I9: 18280900 | J9: XE01590
A10: 46157 | B10: 46157 | C10: KTHN2979 | D10: Tạm ứng chi phí đi đường cho lái xe ngày 15/05/26 - DA-1266 Cao Tuấn Anh 29E38159 | E10: 1411 | F10: 1500000 | G10: 0 | H10: 0 | I10: 10174119 | J10: XE01590
A11: 46167 | B11: 46167 | C11: KTHN2997 | D11: Tạm ứng chi phí đi đường cho lái xe ngày 21/05/26 DA 1306 Cao Tuấn Anh 29E38159 | E11: 1411 | F11: 1500000 | G11: 0 | H11: 0 | I11: 8674119 | J11: XE01590
A12: 46149 | B12: 46149 | C12: KTHN2788 | D12: Tạm ứng chi phí đi đường cho lái xe ngày 07/05/26 - Đặng Công Đức 29E44377 | E12: 1411 | F12: 1500000 | G12: 0 | H12: 0 | I12: 28386738 | J12: XE01417
A13: 46155 | B13: 46155 | C13: KTHN2782 | D13: Tạm ứng chi phí đi đường cho lái xe ngày 13/05/26 - Đặng Công Đức 29E44377 | E13: 1411 | F13: 1500000 | G13: 0 | H13: 0 | I13: 26886738 | J13: XE01417
... A212: 46164 | B212: 46164 | C212: KTHN2986 | D212: Tạm ứng chi phí đi đường cho lái xe ngày 22/05/26 - DA-1314 Vũ Văn Tỉnh 29E35397 | E212: 1411 | F212: 3000000 | G212: 0 | H212: 0 | I212: 21324499 | J212: XE01021

Sheet Sheet4
A3: Row Labels | B3: Sum of Số tiền TT | D3: mã nv | E3: số tiền ứng hh | F3: số kế toán | G3: cl
A4: XE00499 | B4: 3000000 | D4: XE00499 | E4: 3000000 | F4: =+SUMIFS('Kế toán'!$F$2:$F$212,'Kế toán'!$J$2:$J$212,Sheet4!D4) -> 3000000 | G4: =+E4-F4 -> 0
A5: XE00843 | B5: 3000000 | D5: XE00843 | E5: 3000000 | F5: =+SUMIFS('Kế toán'!$F$2:$F$212,'Kế toán'!$J$2:$J$212,Sheet4!D5) -> 3000000 | G5: =+E5-F5 -> 0
A6: XE00844 | B6: 3000000 | D6: XE00844 | E6: 3000000 | F6: =+SUMIFS('Kế toán'!$F$2:$F$212,'Kế toán'!$J$2:$J$212,Sheet4!D6) -> 3000000 | G6: =+E6-F6 -> 0
A7: XE00853 | B7: 6000000 | D7: XE00853 | E7: 6000000 | F7: =+SUMIFS('Kế toán'!$F$2:$F$212,'Kế toán'!$J$2:$J$212,Sheet4!D7) -> 6000000 | G7: =+E7-F7 -> 0
A8: XE00854 | B8: 6000000 | D8: XE00854 | E8: 6000000 | F8: =+SUMIFS('Kế toán'!$F$2:$F$212,'Kế toán'!$J$2:$J$212,Sheet4!D8) -> 6000000 | G8: =+E8-F8 -> 0
A9: XE00855 | B9: 3000000 | D9: XE00855 | E9: 3000000 | F9: =+SUMIFS('Kế toán'!$F$2:$F$212,'Kế toán'!$J$2:$J$212,Sheet4!D9) -> 3000000 | G9: =+E9-F9 -> 0
A10: XE00858 | B10: 6000000 | D10: XE00858 | E10: 6000000 | F10: =+SUMIFS('Kế toán'!$F$2:$F$212,'Kế toán'!$J$2:$J$212,Sheet4!D10) -> 6000000 | G10: =+E10-F10 -> 0
A11: XE00865 | B11: 6000000 | D11: XE00865 | E11: 6000000 | F11: =+SUMIFS('Kế toán'!$F$2:$F$212,'Kế toán'!$J$2:$J$212,Sheet4!D11) -> 6000000 | G11: =+E11-F11 -> 0
A12: XE00873 | B12: 3000000 | D12: XE00873 | E12: 3000000 | F12: =+SUMIFS('Kế toán'!$F$2:$F$212,'Kế toán'!$J$2:$J$212,Sheet4!D12) -> 3000000 | G12: =+E12-F12 -> 0
A13: XE00893 | B13: 6000000 | D13: XE00893 | E13: 6000000 | F13: =+SUMIFS('Kế toán'!$F$2:$F$212,'Kế toán'!$J$2:$J$212,Sheet4!D13) -> 6000000 | G13: =+E13-F13 -> 0
A14: XE00894 | B14: 3000000 | D14: XE00894 | E14: 3000000 | F14: =+SUMIFS('Kế toán'!$F$2:$F$212,'Kế toán'!$J$2:$J$212,Sheet4!D14) -> 3000000 | G14: =+E14-F14 -> 0
A15: XE00907 | B15: 6000000 | D15: XE00907 | E15: 6000000 | F15: =+SUMIFS('Kế toán'!$F$2:$F$212,'Kế toán'!$J$2:$J$212,Sheet4!D15) -> 6000000 | G15: =+E15-F15 -> 0
... A87: XE01709 | B87: 3000000 | D87: XE01709 | E87: 3000000 | F87: =+SUMIFS('Kế toán'!$F$2:$F$212,'Kế toán'!$J$2:$J$212,Sheet4!D87) -> 3000000 | G87: =+E87-F87 -> 0
A88: (blank) | E88: =SUM(E4:E87) -> 375000000 | F88: =SUM(F4:F87) -> 375000000 | G88: =SUM(G4:G87) -> 0
A89: Grand Total | B89: 375000000

Sheet phòng hàng
A1: ĐNTT | B1: Ngày | C1: Tuyến vận chuyển | D1: BKS | E1: Họ tên | F1: MNV | G1: Số TK | H1: Ngân hàng | I1: Số tiền TT
A2: 01-05-TU | B2: 46143 | C2: Hưng Yên- Bình Định- Nha Trang | D2: 29E09603 | E2: Trương Cẩm Thành | F2: XE01390 | G2: 23956793979 | H2: MB | I2: 1500000
A3: 01-05-TU | B3: 46143 | C3: Hưng Yên- Bình Định- Nha Trang | D3: 29E09603 | E3: Trần Phong Vũ
A4: 01-05-TU | B4: 46143 | C4: Hà Nội( Long Biên)- Cần Thơ | D4: 29K13459 | E4: Hoàng Văn Lợi | F4: XE01456 | G4: 04610000498774 | H4: Vietcombank | I4: 1500000
A5: 01-05-TU | B5: 46143 | C5: Hà Nội( Long Biên)- Cần Thơ | D5: 29K13459 | E5: Nguyễn Minh Trọng | F5: XE01599 | G5: 4118927 | H5: ACB | I5: 1500000
A6: 01-05-TU | B6: 46143 | C6: Ninh Bình- Đồng Nai | D6: 29E12073 | E6: Trần Xuân Trường | F6: XE00499 | G6: 0061001129391 | H6: Vietcombank | I6: 1500000
A7: 01-05-TU | B7: 46143 | C7: Ninh Bình- Đồng Nai | D7: 29E12073 | E7: Phan Văn Thành | F7: XE00934 | G7: 51010000845882 | H7: BIDV | I7: 1500000
A8: 32BS-05-TU | B8: 46143 | C8: Ninh Bình- Đak Lak | D8: 29E08426 | E8: Trần Hữu Khánh | F8: XE01470 | G8: 9804092001 | H8: MB Bank | I8: 1500000
A9: 32BS-05-TU | B9: 46143 | C9: Ninh Bình- Đak Lak | D9: 29E08426 | E9: Nguyễn Bá Bảo | F9: XE01469 | G9: 1038672108 | H9: Ngân hàng VCB | I9: 1500000
A10: 02-05-TU | B10: 46144 | C10: Hưng Yên- HCM | D10: 29E08175 | E10: Bùi Văn Đào | F10: XE01331 | G10: 1012732996 | H10: Vietcombank | I10: 1500000
A11: 02-05-TU | B11: 46144 | C11: Hưng Yên- HCM | D11: 29E08175 | E11: Nguyễn Doãn Quang | F11: XE01645 | G11: 3615205296080 | H11: Agribank | I11: 1500000
A12: 02-05-TU | B12: 46144 | C12: Hà Nội( Long Biên)- Cần Thơ | D12: 29K13905 | E12: Nguyễn Quốc Bình | F12: XE01005 | G12: 0385993666 | H12: Viettinbank | I12: 1500000
A13: 02-05-TU | B13: 46144 | C13: Hà Nội( Long Biên)- Cần Thơ | D13: 29K13905 | E13: Trịnh Văn Lực | F13: XE01164 | G13: 102871393941 | H13: Vietinbank | I13: 1500000
A14: 02-05-TU | B14: 46144 | C14: Thanh Hóa- HCM | D14: 29E44326 | E14: Tạ Quốc Vương | F14: XE01098 | G14: 1130109121983 | H14: MB Bank | I14: 1500000
A15: 02-05-TU | B15: 46144 | C15: Thanh Hóa- HCM | D15: 29E44326 | E15: Nguyễn Đức Toàn | F15: XE01600 | G15: 109873271749 | H15: Vietinbank | I15: 1500000
A16: 03-05-TU | B16: 46145 | C16: Thanh Hóa- HCM | D16: 29E12747 | E16: Phạm Thanh Tuấn | F16: XE01335 | G16: 1061644437 | H16: Vietcombank | I16: 1500000
A17: 03-05-TU | B17: 46145 | C17: Thanh Hóa- HCM | D17: 29E12747 | E17: Nguyễn Thanh Lâm | F17: XE01644 | G17: 797908032000 | H17: MB | I17: 1500000
A18: 03-05-TU | B18: 46145 | C18: Hà Nội( Long Biên)- Cần Thơ | D18: 29K06820 | E18: Nguyễn Hữu Hưởng | F18: XE01304 | G18: 0393159115 | H18: MB | I18: 1500000
A19: 03-05-TU | B19: 46145 | C19: Hà Nội( Long Biên)- Cần Thơ | D19: 29K06820 | E19: Vũ Thế An | F19: XE01305 | G19: 0332302398 | H19: Vietinbank | I19: 1500000
A20: 04-05-TU | B20: 46146 | C20: Hà Nội - HCM | D20: 29K06824 | E20: Nguyễn Trọng Đạt | F20: XE01263 | G20: 0936205372 | H20: BIDV | I20: 1500000
A21: 04-05-TU | B21: 46146 | C21: Hà Nội - HCM | D21: 29K06824 | E21: Phạm Văn Thưởng | F21: XE01149 | G21: 0934329239 | H21: MB | I21: 1500000
A22: 04-05-TU | B22: 46146 | C22: Hà Nội( Long Biên)- Cần Thơ | D22: 29H70193 | E22: Võ Minh Liệp | F22: XE01543 | G22: 9977002907 | H22: Vietcombank | I22: 1500000
A23: 04-05-TU | B23: 46146 | C23: Hà Nội( Long Biên)- Cần Thơ | D23: 29H70193 | E23: Lý Hồng Ngà | F23: XE01622 | G23: 05 888 9999 9999 | H23: MB Bank | I23: 1500000
A24: 04-05-TU | B24: 46146 | C24: Hà Nội( Long Biên)- Cần Thơ | D24: 29E44369 | E24: Lê Quốc Quân | F24: XE01434 | G24: 77999911032002 | H24: Techcombank | I24: 1500000
A25: 04-05-TU | B25: 46146 | C25: Hà Nội( Long Biên)- Cần Thơ | D25: 29E44369 | E25: Nguyễn Văn Chí | F25: XE01433 | G25: 040080953668 | H25: Sacombank | I25: 1500000
A26: 05-05-TU | B26: 46147 | C26: Bắc Ninh- Đồng Nai | D26: 29C37344 | E26: Nguyễn Duy Tuấn | F26: XE01548 | G26: 0501000189005 | H26: Vietcombank | I26: 1500000
A27: 05-05-TU | B27: 46147 | C27: Bắc Ninh- Đồng Nai | D27: 29C37344 | E27: Ngô Hoàng Vũ | F27: XE01549 | G27: 026999625555 | H27: MB | I27: 1500000
A28: 05-05-TU | B28: 46147 | C28: Hà Nội( Long Biên)- Cần Thơ | D28: 29E12047 | E28: Huỳnh Lê Trần Long | F28: XE01506 | G28: 866086379 | H28: MB | I28: 1500000
A29: 05-05-TU | B29: 46147 | C29: Hà Nội( Long Biên)- Cần Thơ | D29: 29E12047 | E29: Đặng Tuân | F29: XE01507 | G29: 957979779 | H29: Nam Á | I29: 1500000
A30: 05-05-TU | B30: 46147 | C30: Thanh Hóa- HCM | D30: 29E54261 | E30: Trịnh Cao Phong | F30: XE01283 | G30: 9343825206 | H30: Vietcombank | I30: 1500000
A31: 05-05-TU | B31: 46147 | C31: Thanh Hóa- HCM | D31: 29E54261 | E31: Lê Thanh Sơn | F31: XE01541 | G31: 0325752492 | H31: MB | I31: 1500000
A32: 05-05-TU | B32: 46147 | C32: Hà Nội- HCM | D32: 29E38128 | E32: Nguyễn Văn Chiến | F32: XE01582 | G32: 109872813241 | H32: Vietinbank | I32: 1500000
A33: 05-05-TU | B33: 46147 | C33: Hà Nội- HCM | D33: 29E38128 | E33: Nguyễn Văn Thắng | F33: XE01583 | G33: 63333266789 | H33: MB Bank | I33: 1500000
A34: 06-05-TU | B34: 46148 | C34: Hà Nội( Long Biên)- Cần Thơ | D34: 29H80501 | E34: Kiều Kim Tiến | F34: XE00873 | G34: 0793075891 | H34: BIDV | I34: 1500000
A35: 06-05-TU | B35: 46148 | C35: Hà Nội( Long Biên)- Cần Thơ | D35: 29H80501 | E35: Đỗ Văn Cường | F35: XE01672 | G35: 102344298888 | H35: Vietinbank | I35: 1500000
A36: 06-05-TU | B36: 46148 | C36: Ninh Bình- Đồng Nai | D36: 29G02349 | E36: Trần Phúc Đạt | F36: XE01527 | G36: 00006249259 | H36: TP Bank | I36: 1500000
A37: 06-05-TU | B37: 46148 | C37: Ninh Bình- Đồng Nai | D37: 29G02349 | E37: Nguyễn Thanh Nhân | F37: XE01574 | G37: 5590206300663 | H37: Agribank | I37: 1500000
A38: 06-05-TU | B38: 46148 | C38: Hà Nội- Bình Dương | D38: 29E35164 | E38: Đào Ngọc Ngà | F38: XE00991 | G38: 9327640888 | H38: Vietcombank | I38: 3000000
A39: 06-05-TU | B39: 46148 | C39: Hà Nội- Bình Dương | D39: 29E35164 | E39: Phạm Quốc Toàn | F39: XE00854 | G39: 1025238163 | H39: Vietcombank | I39: 3000000
A40: 06-05-TU | B40: 46148 | C40: Hà Nội- Bình Dương | D40: 29E12333 | E40: Phạm Văn Phố | F40: XE01308 | G40: 48810000602191 | H40: BIDV | I40: 3000000
A41: 06-05-TU | B41: 46148 | C41: Hà Nội- Bình Dương | D41: 29E12333 | E41: Nguyễn Văn Mạnh | F41: XE00952 | G41: 253123269 | H41: ACB | I41: 3000000
A42: 06-05-TU | B42: 46148 | C42: Ninh Bình- HCM | D42: 29E35397 | E42: Vũ Văn Tỉnh | F42: XE01021 | G42: 4880234655 | H42: BIDV | I42: 3000000
A43: 06-05-TU | B43: 46148 | C43: Ninh Bình- HCM | D43: 29E35397 | E43: Vũ Ngọc Thường | F43: XE00893 | G43: 48810000234673 | H43: BIDV | I43: 3000000
A44: 07-05-TU | B44: 46149 | C44: Hà Nội- Bình Dương | D44: 29K07924 | E44: Lê Thế Xuân | F44: XE01102 | G44: 0841000113366 | H44: Vietcombank | I44: 1500000
A45: 07-05-TU | B45: 46149 | C45: Hà Nội- Bình Dương | D45: 29K07924 | E45: Lê Xuân Tú | F45: XE01315 | G45: 9374264292 | H45: VCB | I45: 1500000
A46: 07-05-TU | B46: 46149 | C46: Hà Nội( Long Biên)- Cần Thơ | D46: 29E38345 | E46: Mai Tấn Toàn | F46: XE01551 | G46: 070092321124 | H46: Sacombank | I46: 1500000
A47: 07-05-TU | B47: 46149 | C47: Hà Nội( Long Biên)- Cần Thơ | D47: 29E38345 | E47: Nguyễn Khánh Phú | F47: XE01552 | G47: 040040261828 | H47: Sacombank | I47: 1500000
A48: 07-05-TU | B48: 46149 | C48: Hà Nội( Long Biên)- Long An | D48: 29E44377 | E48: Đặng Công Đức | F48: XE01417 | G48: 1019710505 | H48: Vietcombank | I48: 1500000
A49: 07-05-TU | B49: 46149 | C49: Hà Nội( Long Biên)- Long An | D49: 29E44377 | E49: Huỳnh Xuân Nhân | F49: XE01671 | G49: 7985712377 | H49: VCB | I49: 1500000
A50: 08-05-TU | B50: 46150 | C50: Bắc Ninh-HCM- Đồng Nai | D50: 29B20543 | E50: Nguyễn Đức Linh | F50: XE01326 | G50: 1029818132 | H50: Vietcombank | I50: 1500000
A51: 08-05-TU | B51: 46150 | C51: Bắc Ninh-HCM- Đồng Nai | D51: 29B20543 | E51: Nguyễn Công Thức | F51: XE01325 | G51: 4962874377 | H51: Techcombank | I51: 1500000
A52: 08-05-TU | B52: 46150 | C52: Hà Nội( Quang Minh- Hà Đông)- HCM | D52: 29E38126 | E52: Bùi Duy Hiếu | F52: XE01563 | G52: 24663181 | H52: ACB | I52: 1500000
A53: 08-05-TU | B53: 46150 | C53: Hà Nội( Quang Minh- Hà Đông)- HCM | D53: 29E38126 | E53: Võ Văn Trỗi | F53: XE01609 | G53: 050109522322 | H53: Sacombank | I53: 1500000
A54: 08-05-TU | B54: 46150 | C54: Hà Nội( Long Biên)- Cần Thơ | D54: 29K13459 | E54: Hoàng Văn Lợi | F54: XE01456 | G54: 04610000498774 | H54: Vietcombank | I54: 1500000
A55: 08-05-TU | B55: 46150 | C55: Hà Nội( Long Biên)- Cần Thơ | D55: 29K13459 | E55: Nguyễn Minh Trọng | F55: XE01599 | G55: 4118927 | H55: ACB | I55: 1500000
A56: 08-05-TU | B56: 46150 | C56: Hà Nội( Long Biên)- HCM | D56: 29E09603 | E56: Trương Cẩm Thành | F56: XE01390 | G56: 23956793979 | H56: MB | I56: 1500000
A57: 08-05-TU | B57: 46150 | C57: Hà Nội( Long Biên)- HCM | D57: 29E09603 | E57: Phan Tấn Thành | F57: XE01532 | G57: 4491966778899 | H57: MB Bank | I57: 1500000
A58: 08-05-TU | B58: 46150 | C58: Hà Nội- Kontum-Gia Lai-ĐakNong | D58: 29E44326 | E58: Tạ Quốc Vương | F58: XE01098 | G58: 1130109121983 | H58: MB Bank | I58: 1500000
A59: 08-05-TU | B59: 46150 | C59: Hà Nội- Kontum-Gia Lai-ĐakNong | D59: 29E44326 | E59: Nguyễn Đức Toàn | F59: XE01600 | G59: 109873271749 | H59: Vietinbank | I59: 1500000
A60: 32BS-05-TU | B60: 46151 | C60: Hà Nội- Huế- Đồng Nai | D60: 29E08426 | E60: Trần Hữu Khánh | F60: XE01470 | G60: 9804092001 | H60: MB Bank | I60: 1500000
A61: 32BS-05-TU | B61: 46151 | C61: Hà Nội- Huế- Đồng Nai | D61: 29E08426 | E61: Nguyễn Bá Bảo | F61: XE01469 | G61: 1038672108 | H61: Ngân hàng VCB | I61: 1500000
A62: 09-05-TU | B62: 46151 | C62: Hà Nội( Quang Minh)- Kiên Giang | D62: 29E44369 | E62: Nguyễn Văn Chí | F62: XE01433 | G62: 040080953668 | H62: Sacombank | I62: 1500000
A63: 09-05-TU | B63: 46151 | C63: Hà Nội( Quang Minh)- Kiên Giang | D63: 29E44369 | E63: Nguyễn Văn Toàn | F63: XE01281 | G63: 9967519257 | H63: Vietcombank | I63: 1500000
A64: 09-05-TU | B64: 46151 | C64: Hà Nội( Long Biên)- Cần Thơ | D64: 29E12747 | E64: Phạm Thanh Tuấn | F64: XE01335 | G64: 1061644437 | H64: Vietcombank | I64: 1500000
A65: 09-05-TU | B65: 46151 | C65: Hà Nội( Long Biên)- Cần Thơ | D65: 29E12747 | E65: Nguyễn Thanh Lâm | F65: XE01644 | G65: 797908032000 | H65: MB | I65: 1500000
A66: 09-05-TU | B66: 46151 | C66: Hã Tình- HCM | D66: 29E38159 | E66: Cao Tuấn Anh | F66: XE01590 | G66: 104882044622 | H66: vietinbank | I66: 1500000
A67: 09-05-TU | B67: 46151 | C67: Hã Tình- HCM | D67: 29E38159 | E67: Cao Phong Anh | F67: XE01591 | G67: 105882575493 | H67: Vietinbank | I67: 1500000
A68: 10-05-TU | B68: 46152 | C68: Hà Nội( Long Biên)- Cần Thơ | D68: 29H70193 | E68: Võ Minh Liệp | F68: XE01543 | G68: 9977002907 | H68: Vietcombank | I68: 1500000
A69: 10-05-TU | B69: 46152 | C69: Hà Nội( Long Biên)- Cần Thơ | D69: 29H70193 | E69: Lý Hồng Ngà | F69: XE01622 | G69: 05 888 9999 9999 | H69: MB Bank | I69: 1500000
A70: 11-05-TU | B70: 46153 | C70: Thanh Hóa- HCM | D70: 29E12401 | E70: Cao Hoài Tiên | F70: XE01477 | G70: 1963667 | H70: ACB | I70: 1500000
A71: 11-05-TU | B71: 46153 | C71: Thanh Hóa- HCM | D71: 29E12401 | E71: Bùi Ngọc Ninh | F71: XE01670 | G71: 657704060157408 | H71: VIB | I71: 1500000
A72: 11-05-TU | B72: 46153 | C72: Hà Nội( Long Biên)- Cần Thơ | D72: 29E38128 | E72: Nguyễn Văn Chiến | F72: XE01582 | G72: 109872813241 | H72: Vietinbank | I72: 1500000
A73: 11-05-TU | B73: 46153 | C73: Hà Nội( Long Biên)- Cần Thơ | D73: 29E38128 | E73: Nguyễn Văn Thắng | F73: XE01583 | G73: 63333266789 | H73: MB Bank | I73: 1500000
A74: 11-05-TU | B74: 46153 | C74: HN-HCM | D74: 29K13905 | E74: Nguyễn Quốc Bình | F74: XE01005 | G74: 0385993666 | H74: Viettinbank | I74: 1500000
A75: 11-05-TU | B75: 46153 | C75: HN-HCM | D75: 29K13905 | E75: Trịnh Văn Lực | F75: XE01164 | G75: 102871393941 | H75: Vietinbank | I75: 1500000
A76: 11-05-TU | B76: 46153 | C76: Hà Nội( Long Biên)- An Giang | D76: 29E38345 | E76: Mai Tấn Toàn | F76: XE01551 | G76: 070092321124 | H76: Sacombank | I76: 1500000
A77: 11-05-TU | B77: 46153 | C77: Hà Nội( Long Biên)- An Giang | D77: 29E38345 | E77: Nguyễn khánh Phú | F77: XE01552 | G77: 040040261828 | H77: Sacombank | I77: 1500000
A78: 12-05-TU | B78: 46154 | C78: HN-HCM | D78: 29E54212 | E78: Lê Anh Tuấn XE01678 | F78: XE01678 | G78: 83862288888 | H78: MB | I78: 1500000
A79: 12-05-TU | B79: 46154 | C79: HN-HCM | D79: 29E54212 | E79: Nguyễn Tuấn Anh XE01679 | F79: XE01679 | G79: 7777720033333 | H79: MB | I79: 1500000
A80: 12-05-TU | B80: 46154 | C80: Thanh Hóa- HCM | D80: 29K07924 | E80: Lê Thế Xuân | F80: XE01102 | G80: 0841000113366 | H80: Vietcombank | I80: 1500000
A81: 12-05-TU | B81: 46154 | C81: Thanh Hóa- HCM | D81: 29K07924 | E81: Lê Xuân Tú | F81: XE01315 | G81: 9374264292 | H81: VCB | I81: 1500000
A82: 12-05-TU | B82: 46154 | C82: Hà Nội( Long Biên)- Cần Thơ | D82: 29K06824 | E82: Nguyễn Trọng Đạt | F82: XE01263 | G82: 0936205372 | H82: BIDV | I82: 1500000
A83: 12-05-TU | B83: 46154 | C83: Hà Nội( Long Biên)- Cần Thơ | D83: 29K06824 | E83: Phạm Văn Thưởng | F83: XE01149 | G83: 0934329239 | H83: MB | I83: 1500000
A84: 12-05-TU | B84: 46154 | C84: Hà Nội( Quang Minh)- Kiên Giang | D84: 29E00028 | E84: Nguyễn Ngọc Ân | F84: XE01316 | G84: 0933660430 | H84: Lộc Phát Bank | I84: 1500000
A85: 12-05-TU | B85: 46154 | C85: Hà Nội( Quang Minh)- Kiên Giang | D85: 29E00028 | E85: Lê Văn Hoàng | F85: XE01534 | G85: 4706205245990 | H85: Agribank | I85: 1500000
A86: 12-05-TU | B86: 46154 | C86: Hà Nội( Hà Đông)- HCM | D86: 29E54261 | E86: Trịnh Cao Phong | F86: XE01283 | G86: 9343825206 | H86: Vietcombank | I86: 1500000
A87: 12-05-TU | B87: 46154 | C87: Hà Nội( Hà Đông)- HCM | D87: 29E54261 | E87: Lê Thanh Sơn | F87: XE01541 | G87: 0325752492 | H87: MB | I87: 1500000
A88: 13-05-TU | B88: 46155 | C88: Thanh Hóa- HCM | D88: 29E09603 | E88: Trương Cẩm Thành | F88: XE01390 | G88: 23956793979 | H88: MB | I88: 1500000
A89: 13-05-TU | B89: 46155 | C89: Thanh Hóa- HCM | D89: 29E09603 | E89: Phạm Ngọc Ẩn | F89: XE01690 | G89: 0281000415985 | H89: VCb | I89: 1500000
A90: 13-05-TU | B90: 46155 | C90: Hà Nội( Quang Minh)- Kiên Giang | D90: 29E44326 | E90: Tạ Quốc Vương | F90: XE01098 | G90: 1130109121983 | H90: MB Bank | I90: 1500000
A91: 13-05-TU | B91: 46155 | C91: Hà Nội( Quang Minh)- Kiên Giang | D91: 29E44326 | E91: Nguyễn Đức Toàn | F91: XE01600 | G91: 109873271749 | H91: Vietinbank | I91: 1500000
A92: 13-05-TU | B92: 46155 | C92: Hà Nội( Long Biên)- Cần Thơ | D92: 29G02349 | E92: Trần Phúc Đạt | F92: XE01527 | G92: 00006249259 | H92: TP Bank | I92: 1500000
A93: 13-05-TU | B93: 46155 | C93: Hà Nội( Long Biên)- Cần Thơ | D93: 29G02349 | E93: Nguyễn Thanh Nhân | F93: XE01574 | G93: 5590206300663 | H93: Agribank | I93: 1500000
A94: 13-05-TU | B94: 46155 | C94: Hà Nội (Quang Minh)-HCM | D94: 29E44377 | E94: Đặng Công Đức | F94: XE01417 | G94: 1019710505 | H94: Vietcombank | I94: 1500000
A95: 13-05-TU | B95: 46155 | C95: Hà Nội (Quang Minh)-HCM | D95: 29E44377 | E95: Huỳnh Xuân Nhân | F95: XE01671 | G95: 7985712377 | H95: VCB | I95: 1500000
A96: 31BS-05-TU | B96: 46155 | C96: Bắc Ninh-NGhệ An- Đồng Nai | D96: 29E35064 | E96: Trần Quang Trung | F96: XE01443 | G96: 2810829999 | H96: techcombank | I96: 3000000
A97: 31BS-05-TU | B97: 46155 | C97: Bắc Ninh-NGhệ An- Đồng Nai | D97: 29E35064 | E97: Trần Xuân Quảng | F97: XE01444 | G97: 101003695322 | H97: Vietinbank | I97: 3000000
A98: 13-05-TU | B98: 46155 | C98: Hà Nội- Bình Dương | D98: 29E12120 | E98: Lê Thanh Đang | F98: XE00853 | G98: 1021849442 | H98: Vietcombank | I98: 3000000
A99: 13-05-TU | B99: 46155 | C99: Hà Nội- Bình Dương | D99: 29E12120 | E99: Đào Văn Hùng | F99: XE01303 | G99: 5810108918888 | H99: MB | I99: 3000000
A100: 14-05-TU | B100: 46156 | C100: Tân Thanh- HCM | D100: 29E12412 | E100: Đỗ Ngọc Thông | F100: XE00858 | G100: 3310205094626 | H100: Agribank | I100: 3000000
...
